Contents,CoreID,N,d15N,C,d13C
Blades,YM1A_1_1_1,1.408304968,-0.032914757,40.75772286,-8.475005846
Blades,YM1A_1_1_2,1.478051494,1.297394812,38.96671412,-8.246801943
Blades,YM1A_1_1_3,1.368971232,0.612392257,40.91622944,-8.906928255
Blades,YM1A_1_1_3,1.39846873,0.699926016,42.2030244,-8.743365801
Blades,YM1A_1_1_3,1.400136569,0.753871239,41.82449112,-8.936310732
Blades,YM1A_1_20_1,1.199261137,-0.397299474,39.15968851,-8.690477343
Blades,YM1A_1_20_2,1.203167578,-0.189661256,39.32587213,-8.488717669
Blades,YM1A_1_20_3,1.284932281,-0.450226864,41.54494192,-8.142983859
Blades,YM1A_2_1_1,1.568024932,-0.48885414,42.09706551,-7.597348322
Blades,YM1A_2_1_1,1.600350706,-0.482752829,42.65142078,-7.556780251
Blades,YM1A_2_1_1,1.601897894,-0.661590597,43.43212923,-7.649901701
Blades,YM1A_2_1_2,1.553613733,0.585368984,43.57935906,-8.443120796
Blades,YM1A_2_1_3,1.688644895,0.929990683,43.25910824,-7.97819808
Blades,YM1A_2_20_1,1.319772846,0.739327199,42.19290316,-8.013583318
Blades,YM1A_2_20_2,1.333873997,0.176513062,42.51047797,-7.865161901
Blades,YM1A_2_20_3,1.365563074,-0.051875283,41.81644308,-8.176748585
Blades,YM1A_3_1_1,1.687717403,-0.000245152,41.54183885,-7.605710863
Blades,YM1A_3_1_2,1.671351745,-0.365574471,42.64051469,-8.198771371
Blades,YM1A_3_1_3,1.563516206,0.721254815,42.26560585,-7.589018763
Blades,YM1A_3_20_1,1.503648514,0.098464999,41.14873634,-8.315616073
Blades,YM1A_3_20_2,1.508686064,-0.236335408,42.08368277,-7.64695017
Blades,YM1A_3_20_3,1.41438509,0.601174425,41.10851754,-8.262594107
Blades,YM1B_1_1_1,1.414560857,1.448034305,41.44267346,-8.066589419
Blades,YM1B_1_1_2,1.20925332,1.107059778,40.21629885,-8.410364397
Blades,YM1B_1_1_3,1.305595351,0.375815279,41.12299116,-9.197649965
Blades,YM1B_1_20_1,1.461880645,0.0841362,39.67604575,-7.716937945
Blades,YM1B_1_20_2,1.345310624,0.28973875,38.82965281,-7.703226123
Blades,YM1B_1_20_3,1.416088632,0.53910818,41.11104043,-7.941224185
Blades,YM1B_2_1_1,1.471797022,0.428351997,42.28079703,-7.555541065
Blades,YM1B_2_1_2,1.501948029,0.458939721,42.56552257,-8.068627023
Blades,YM1B_2_1_3,1.677591819,1.01257754,42.31750225,-7.826827893
Blades,YM1B_2_20_1,1.576757682,0.166317154,41.80992541,-8.756673326
Blades,YM1B_2_20_2,1.472352373,-1.243776959,41.89228922,-7.989993159
Blades,YM1B_2_20_3,1.497262668,-0.04040776,40.2027352,-7.799199212
Blades,YM1B_3_1_1,1.81329794,0.519763992,42.06628112,-7.098074635
Blades,YM1B_3_1_2,1.554230544,0.885093312,41.74291503,-7.749066549
Blades,YM1B_3_1_3,1.584262258,0.5635221,40.99731755,-7.786378303
Blades,YM1B_3_20_1,1.655532401,0.486182188,42.38570309,-7.661678494
Blades,YM1B_3_20_2,1.376767977,-0.213947539,39.01851889,-7.029342457
Blades,YM1B_3_20_3,1.512933884,0.462776688,41.3116047,-7.73139256
Blades,YM1C_1_1_1,1.972307801,3.067408845,41.78345658,-10.5797706
Blades,YM1C_1_1_2,1.942354504,1.754402461,42.03724147,-10.4994585
Blades,YM1C_1_1_3,2.050785314,2.696917121,42.30623356,-11.19876144
Blades,YM1C_1_20_1,1.516367156,-0.408305173,40.77288199,-8.167830513
Blades,YM1C_1_20_2,1.431518593,-0.870149191,40.88872492,-8.120010177
Blades,YM1C_1_20_3,1.34268619,-0.865503301,41.11876822,-7.838385516
Blades,YM1C_2_1_1,1.688979792,2.207925454,40.61741764,-11.73628104
Blades,YM1C_2_1_2,1.936251314,1.209344171,41.71512338,-11.43449417
Blades,YM1C_2_1_3,1.933174218,1.336454823,41.03196849,-11.1327073
Blades,YM1C_2_20_1,1.503902701,-0.049559727,41.69162043,-8.383973115
Blades,YM1C_2_20_2,1.622135413,0.388717802,41.31642641,-8.737212173
Blades,YM1C_2_20_3,1.530967356,-0.309882342,41.3777484,-8.538329678
Blades,YM1C_3_1_1,1.894264901,0.991377169,41.58272163,-9.252129948
Blades,YM1C_3_1_1,1.887008253,0.844926877,41.72457559,-9.89850161
Blades,YM1C_3_1_1,1.891981146,0.945235296,41.65826616,-9.700139049
Blades,YM1C_3_1_1,1.896023401,0.942226043,41.63848346,-9.374050351
Blades,YM1C_3_1_1,1.87564369,0.816840519,41.54705762,-9.999134323
Blades,YM1C_3_1_1,1.900116749,0.982349411,41.58139311,-9.677883737
Blades,YM1C_3_1_1,1.90080193,0.993383337,41.51930874,-9.817221341
Blades,YM1C_3_1_1,1.885795332,0.962287727,41.55531954,-9.739811561
Blades,YM1C_3_1_1,1.874226108,0.961284643,41.17961223,-9.697236182
Blades,YM1C_3_1_1,1.885955139,0.971315485,41.41555777,-9.183428769
Blades,YM1C_3_1_2,1.788211081,0.782973914,41.69464443,-9.753996938
Blades,YM1C_3_1_2,1.797199189,0.739291564,41.65195179,-9.56514751
Blades,YM1C_3_1_2,1.783186681,0.885576642,41.56722126,-8.575844923
Blades,YM1C_3_1_2,1.776295265,0.772815228,41.58345768,-8.858639751
Blades,YM1C_3_1_2,1.795507564,0.777894571,42.07139574,-8.972716309
Blades,YM1C_3_1_2,1.765859305,0.700688558,41.70997257,-9.744410672
Blades,YM1C_3_1_2,1.771534156,0.893703591,41.71078709,-9.36575319
Blades,YM1C_3_1_2,1.779141211,0.844941898,41.59308771,-9.043654673
Blades,YM1C_3_1_2,1.74531866,0.967861998,40.70544228,-8.87014327
Blades,YM1C_3_1_2,1.790266182,0.972941341,41.75509341,-9.388760227
Blades,YM1C_3_1_3,1.97533048,1.254336942,41.56457365,-9.793300626
Blades,YM1C_3_1_3,1.977263945,1.220813279,41.98342599,-10.82670003
Blades,YM1C_3_1_3,1.972080884,1.235035439,41.84005112,-10.57074675
Blades,YM1C_3_1_3,1.91971847,1.16900398,40.4658969,-9.880535641
Blades,YM1C_3_1_3,1.971812943,1.142591397,41.87224688,-10.01474336
Blades,YM1C_3_1_3,1.999218559,1.26347976,41.95312218,-9.866156243
Blades,YM1C_3_1_3,1.985121073,1.302082766,41.80795946,-9.802886891
Blades,YM1C_3_1_3,1.99574948,1.229956096,41.94877191,-10.77397557
Blades,YM1C_3_1_3,1.980455266,1.233003702,41.90790518,-10.33875913
Blades,YM1C_3_1_3,1.985268149,1.179162666,41.72903025,-10.08568172
Blades,YM1C_3_20_1,1.799022672,1.028579201,42.77600286,-8.244920119
Blades,YM1C_3_20_2,1.69921281,2.176466312,41.96441446,-7.653823388
Blades,YM1C_3_20_3,1.903557098,1.592346452,43.53322774,-7.373985235
Blades,YM1D_1_1_1,1.707899616,1.024615191,41.31118046,-11.8001228
Blades,YM1D_1_1_2,1.695028567,1.118198968,40.12174485,-11.09614405
Blades,YM1D_1_1_3,1.657742182,1.201718378,40.74822004,-11.32510609
Blades,YM1D_1_20_1,1.430512031,0.137063589,40.10773352,-10.01072997
Blades,YM1D_1_20_2,1.425806165,-0.65277591,41.63817667,-8.487738253
Blades,YM1D_1_20_3,1.547086886,-0.054289279,41.4189876,-8.998013933
Blades,YM1D_2_1_1,1.992731269,1.194090893,41.16297371,-12.13305656
Blades,YM1D_2_1_2,2.131140099,1.940484642,41.05434677,-12.16570891
Blades,YM1D_2_1_3,1.965775393,1.2967963,40.6804219,-12.73069351
Blades,YM1D_2_20_1,1.444490955,-0.759345608,41.8491771,-8.031723522
Blades,YM1D_2_20_2,1.480423585,0.046027484,42.16690821,-8.71544394
Blades,YM1D_2_20_3,1.509520821,-0.574272498,41.06997105,-8.443341024
Blades,YM1D_3_1_1,2.089255587,1.385767477,42.93438983,-11.05312053
Blades,YM1D_3_1_2,2.083512379,1.480407106,42.51212163,-12.35510436
Blades,YM1D_3_1_3,2.189268156,1.238211067,42.76709471,-11.96038528
Blades,YM1D_3_20_1,1.618218637,-0.423579405,42.43305697,-8.494319736
Blades,YM1D_3_20_1,1.613719753,-0.225305747,42.17714502,-8.290522892
Blades,YM1D_3_20_1,1.606620571,-0.385139705,42.49291924,-8.43487751
Blades,YM1D_3_20_2,1.643443556,-0.950711962,42.64531373,-9.387838049
Blades,YM1D_3_20_3,1.711388358,-0.388979971,42.10983097,-8.61018255
Blades,YM2A_1_1_1,1.381408279,-0.073628133,40.81058909,-8.374126009
Blades,YM2A_1_1_2,1.401650762,0.004745116,41.157278,-8.562173861
Blades,YM2A_1_1_3,1.412756828,-0.085842146,40.44845712,-8.477944094
Blades,YM2A_1_20_1,1.148704417,0.774227927,41.30726722,-8.471088183
Blades,YM2A_1_20_2,1.272150066,0.657176971,40.23790003,-8.713003908
Blades,YM2A_1_20_3,1.311503363,-0.051235776,42.46900127,-8.246801943
Blades,YM2A_2_1_1,1.544632689,0.946987785,40.62244562,-8.663991752
Blades,YM2A_2_1_2,1.452144523,0.245336986,41.00046466,-7.865493377
Blades,YM2A_2_1_3,1.517797067,-0.15734956,40.73804764,-7.996102777
Blades,YM2A_2_20_1,1.459270336,0.223982397,40.43960826,-7.898145727
Blades,YM2A_2_20_2,1.664187103,-0.550884138,41.59937448,-7.939703264
Blades,YM2A_2_20_3,1.538594112,-0.049559727,40.92445504,-8.08317571
Blades,YM2A_3_1_1,1.579565584,-0.398138645,42.92981466,-8.181097382
Blades,YM2A_3_1_2,1.630017651,-0.279870881,41.59700957,-8.547996609
Blades,YM2A_3_1_3,1.650284664,-0.126280132,42.41373086,-7.993437834
Blades,YM2A_3_20_1,1.484080669,-0.191960387,41.02777058,-7.593363289
Blades,YM2A_3_20_2,1.538459436,-0.810365246,42.8255024,-7.732993266
Blades,YM2A_3_20_3,1.646764005,0.198079279,41.16916748,-7.027911395
Blades,YM2B_1_1_1,1.436574035,0.752853405,41.20665444,-8.289896242
Blades,YM2B_1_1_2,1.29045094,0.336559133,40.94171632,-8.982343279
Blades,YM2B_1_1_3,1.431286957,0.501448306,41.27833073,-9.114564424
Blades,YM2B_1_20_2,1.346821253,-0.274141511,40.505822,-7.644461169
Blades,YM2B_1_20_3,1.433626262,-0.006451062,41.69332442,-7.702246707
Blades,YM2B_2_1_1,1.580851868,0.119243219,41.61066819,-8.926200017
Blades,YM2B_2_1_2,1.392402126,0.56972337,40.95158694,-10.68744798
Blades,YM2B_2_1_3,1.727648429,0.307366984,40.84004757,-8.318668415
Blades,YM2B_2_20_1,1.398177106,0.145682235,40.48086679,-8.525466631
Blades,YM2B_2_20_2,1.60110886,0.198560266,42.41541874,-8.84803227
Blades,YM2B_2_20_3,1.445997887,-0.338355128,41.06365546,-8.310752694
Blades,YM2B_3_1_1,1.659456491,-0.15558363,41.96471641,-8.785664655
Blades,YM2B_3_1_2,1.762002411,0.571951498,42.28186926,-9.226340824
Blades,YM2B_3_1_3,1.553039095,0.645715476,41.24210802,-8.865877621
Blades,YM2B_3_20_1,1.405965897,-0.683046598,42.23792522,-8.912420946
Blades,YM2B_3_20_2,1.49169002,-0.824511762,41.28470044,-7.696352776
Blades,YM2B_3_20_3,1.481387652,-0.984165304,41.80421621,-8.061767397
Blades,YM2C_1_1_1,1.395949286,0.822066145,38.92886009,-11.18602904
Blades,YM2C_1_1_2,1.481721411,0.705015188,39.39047233,-11.21834976
Blades,YM2C_1_1_3,1.590207009,-0.028843419,42.3920024,-10.25852219
Blades,YM2C_1_20_1,1.543740282,-0.981742117,40.81882767,-8.226877672
Blades,YM2C_1_20_2,1.724735204,-0.761510498,41.42374769,-7.559472758
Blades,YM2C_1_20_3,1.884160575,-0.235401632,43.13412597,-7.529002136
Blades,YM2C_2_1_1,2.069231191,1.219513023,42.28394047,-12.28840259
Blades,YM2C_2_1_2,1.877215931,0.924616311,41.83870267,-13.72510599
Blades,YM2C_2_1_3,1.958696111,0.924616311,41.95761197,-13.02951199
Blades,YM2C_2_20_1,1.420153931,-0.0170194,41.67186554,-7.242130334
Blades,YM2C_2_20_2,1.290139353,0.685648285,41.22688947,-7.65275837
Blades,YM2C_2_20_3,1.551726531,-0.376996766,41.04478127,-7.458823201
Blades,YM2C_3_1_1,1.98513947,1.098404,42.74383885,-10.1235377
Blades,YM2C_3_1_2,2.021361222,0.454737505,42.35076946,-10.80683333
Blades,YM2C_3_1_3,1.915275099,0.35571189,41.40965637,-11.54063343
Blades,YM2C_3_20_1,1.50763641,-0.49813142,41.525789,-7.614159243
Blades,YM2C_3_20_2,1.443175205,-1.292357268,41.42211344,-6.786282215
Blades,YM2C_3_20_3,1.489845619,-0.563811674,41.94586478,-6.616943732
Blades,YM2D_1_1_1,1.784384383,1.412257144,42.05424468,-11.90104493
Blades,YM2D_1_1_2,1.634256103,1.252181385,41.63899917,-11.85976215
Blades,YM2D_1_1_3,1.700583412,0.759719015,40.74552517,-11.56586809
Blades,YM2D_1_20_1,1.389715946,-0.369987621,39.69170877,-7.983112696
Blades,YM2D_1_20_3,1.433793433,0.297844371,41.35684037,-7.634174928
Blades,YM2D_2_1_1,1.840709984,0.949021556,41.71969626,-12.81380859
Blades,YM2D_2_1_1,1.831201191,0.974443686,42.35384183,-12.67924132
Blades,YM2D_2_1_1,1.846294036,1.021220406,41.85957448,-12.79302982
Blades,YM2D_2_1_2,1.814337352,0.253472068,39.9094571,-11.23660114
Blades,YM2D_2_1_3,2.02867271,1.605929406,42.89268131,-11.71847067
Blades,YM2D_2_20_1,1.467707984,0.112125023,41.07987708,-7.989176521
Blades,YM2D_2_20_2,1.486382752,0.962241064,40.85346387,-7.617137625
Blades,YM2D_2_20_3,1.489704592,0.627685827,40.89437201,-7.620106021
Blades,YM2D_3_1_1,1.708152608,0.636688836,42.39933851,-9.86136311
Blades,YM2D_3_1_1,1.725321324,0.637704705,42.3762374,-9.574733775
Blades,YM2D_3_1_1,1.722625843,0.600117567,42.46431535,-10.69249232
Blades,YM2D_3_1_1,1.736494127,0.731164616,42.32417857,-10.26398626
Blades,YM2D_3_1_1,1.715516266,0.59808583,42.25824187,-9.980232801
Blades,YM2D_3_1_1,1.715944573,0.640752311,42.16466043,-9.643754886
Blades,YM2D_3_1_1,1.767525812,0.582847801,42.65928657,-10.52664993
Blades,YM2D_3_1_1,1.71221955,0.6702125,42.15261394,-10.26111038
Blades,YM2D_3_1_1,1.729379716,0.625514282,41.9425949,-9.638003127
Blades,YM2D_3_1_1,1.74427625,0.56862564,42.31660313,-10.16620635
Blades,YM2D_3_1_2,1.704484188,0.796778836,41.84850408,-10.81096939
Blades,YM2D_3_1_2,1.712838648,0.867997813,41.28790965,-9.975911389
Blades,YM2D_3_1_2,1.670462919,0.792766499,41.181669,-10.10460515
Blades,YM2D_3_1_2,1.728576018,0.970312401,41.75554305,-10.22749317
Blades,YM2D_3_1_2,1.700549502,0.710513595,41.36261331,-10.43843482
Blades,YM2D_3_1_2,1.701807914,0.732581447,41.32789933,-10.06686788
Blades,YM2D_3_1_2,1.70375011,0.912133518,41.37323019,-10.03009824
Blades,YM2D_3_1_2,1.72019447,0.762673973,41.2974133,-10.29619435
Blades,YM2D_3_1_2,1.712768721,0.882040992,41.37373463,-10.41424427
Blades,YM2D_3_1_2,1.719544494,0.846933045,41.34682966,-10.02913061
Blades,YM2D_3_1_3,1.516511946,0.979340158,40.87006257,-9.441783909
Blades,YM2D_3_1_3,1.521236171,1.038522126,40.8444151,-9.50274411
Blades,YM2D_3_1_3,1.504904821,0.933198286,40.86461336,-9.906242588
Blades,YM2D_3_1_3,1.513731231,0.986361748,40.81069497,-9.570477668
Blades,YM2D_3_1_3,1.515934775,1.074633157,40.77133912,-9.103116122
Blades,YM2D_3_1_3,1.513767695,0.933198286,40.8349597,-9.672078004
Blades,YM2D_3_1_3,1.50836841,1.057580725,40.77935194,-9.32179875
Blades,YM2D_3_1_3,1.517085951,0.92216436,40.78569222,-9.704009538
Blades,YM2D_3_1_3,1.513958582,0.985358664,40.69063387,-9.323733995
Blades,YM2D_3_1_3,1.506879743,0.917148939,40.80183745,-10.08622033
Blades,YM2D_3_20_1,1.657331505,-0.504194212,42.09118223,-7.650799733
Blades,YM2D_3_20_2,1.520356438,1.029692349,40.85010368,-7.63594548
Blades,YM2D_3_20_3,1.489212938,-0.223147912,41.79248009,-8.474456008
Blades,YM3A_1_1_1,1.539962989,1.090066443,41.76949966,-9.454548862
Blades,YM3A_1_1_2,1.356602396,0.180591426,40.42022595,-9.040738157
Blades,YM3A_1_1_2,1.356623375,0.147964519,40.17717396,-9.217664349
Blades,YM3A_1_1_2,1.350081505,0.307020688,39.68376208,-9.184244957
Blades,YM3A_1_1_3,1.518987612,-0.288420354,42.16865059,-10.06297838
Blades,YM3A_1_20_1,1.489313577,0.384509591,40.06556206,-7.59584092
Blades,YM3A_1_20_2,1.477411427,0.763797379,39.69952625,-6.715141652
Blades,YM3A_1_20_3,1.47832021,0.60474121,42.16801149,-8.045036864
Blades,YM3A_2_1_1,1.595084167,-0.519360697,41.61451482,-8.166290783
Blades,YM3A_2_1_2,1.462829584,-0.766463804,41.00994706,-8.693675707
Blades,YM3A_2_1_3,1.475874361,0.200594037,41.19259635,-8.701591428
Blades,YM3A_2_20_1,1.586263274,-0.077015628,41.84940585,-6.878007159
Blades,YM3A_2_20_2,1.516390863,-1.361341656,40.8922462,-7.501370203
Blades,YM3A_2_20_3,1.37143264,-0.233615951,40.63645817,-7.802167608
Blades,YM3A_3_1_1,1.540692039,-0.016608375,40.85154722,-8.161785867
Blades,YM3A_3_1_2,1.497661499,1.108222139,41.8876511,-8.618917529
Blades,YM3A_3_1_3,1.53491158,0.167657289,42.74746875,-8.619906992
Blades,YM3A_3_20_1,1.696663513,1.134545805,43.15730752,-7.335584704
Blades,YM3A_3_20_2,1.462040566,0.588835952,41.60778753,-7.263353943
Blades,YM3A_3_20_3,1.525935643,0.549350452,41.42825805,-7.548319135
Blades,YM3B_1_1_1,1.807839452,0.37125491,41.97574682,-11.12355261
Blades,YM3B_1_1_2,1.71622538,0.271335009,39.64057945,-10.89059979
Blades,YM3B_1_1_3,1.657400776,0.784189195,42.16196342,-10.26152888
Blades,YM3B_1_20_1,1.312363541,-0.137520912,41.35797886,-8.12170488
Blades,YM3B_1_20_2,1.27466723,-0.632022463,40.51440311,-8.05290025
Blades,YM3B_1_20_3,1.363786969,-0.725824819,42.3311632,-8.091234258
Blades,YM3B_2_1_1,1.657269136,0.058230106,41.45818489,-8.197953667
Blades,YM3B_2_1_2,1.667014131,0.460916652,41.51523114,-8.210816714
Blades,YM3B_2_1_3,1.515630782,0.370413868,40.74834424,-7.78336777
Blades,YM3B_2_20_1,1.525390827,0.443629603,41.38005852,-7.3509715
Blades,YM3B_2_20_2,1.497756051,-0.784767738,40.71205977,-7.849661935
Blades,YM3B_2_20_3,1.469972397,-0.729855936,40.58056855,-7.914966635
Blades,YM3B_3_1_1,1.883195516,0.97356646,41.25981779,-11.5041901
Blades,YM3B_3_1_2,1.781935008,1.377533495,42.13590746,-11.12621543
Blades,YM3B_3_1_3,1.701406741,0.849035269,42.29054907,-9.323414809
Blades,YM3B_3_20_1,1.619658186,0.380271518,41.34560692,-7.533477198
Blades,YM3B_3_20_2,1.43477936,1.102147446,41.64102381,-8.080649945
Blades,YM3B_3_20_3,1.552618127,0.068437316,41.31519252,-7.950040898
Blades,YM3C_1_1_1,1.476479961,1.044184856,38.27930821,-10.21533149
Blades,YM3C_1_1_2,1.559847602,0.681210522,39.83326166,-10.32738474
Blades,YM3C_1_1_3,1.604706876,0.853521371,40.13991578,-10.14357809
Blades,YM3C_1_20_1,1.535535148,1.265436065,40.23873597,-7.75409157
Blades,YM3C_1_20_2,1.348791276,0.772973696,40.45190523,-8.119739034
Blades,YM3C_1_20_3,1.338057861,1.238926704,40.526113,-7.730501411
Blades,YM3C_2_1_1,1.346007016,0.921565655,39.59462611,-10.15016841
Blades,YM3C_2_1_2,1.519093337,0.776151069,40.85288615,-10.18479969
Blades,YM3C_2_1_3,1.562457064,0.650057302,41.37831335,-9.495142477
Blades,YM3C_2_20_1,1.54429247,-0.955604454,41.65901962,-7.686400185
Blades,YM3C_2_20_2,1.61652216,-0.572238728,41.25673891,-7.867472308
Blades,YM3C_2_20_3,1.644330052,0.296181247,41.98215846,-7.382634385
Blades,YM3C_3_1_1,1.60831279,1.218579048,42.18075931,-9.6321271
Blades,YM3C_3_1_1,1.552092274,1.155882976,40.55076473,-7.926487469
Blades,YM3C_3_1_2,1.840773016,1.642398746,40.78259613,-8.097490281
Blades,YM3C_3_1_3,1.753557334,1.343733379,42.69015195,-9.067620337
Blades,YM3C_3_20_1,1.674929383,0.36305989,41.80673591,-7.424636326
Blades,YM3C_3_20_2,1.417183904,-0.823529995,40.81831078,-7.625497208
Blades,YM3C_3_20_3,1.581691228,1.731890542,41.80025037,-7.643307532
Blades,YM3D_1_1_1,1.690395581,0.586388575,40.57256898,-10.82965855
Blades,YM3D_1_1_2,1.708871491,-0.500495246,40.69166772,-9.919471578
Blades,YM3D_1_1_3,1.704915181,0.497684173,41.87894451,-10.19763887
Blades,YM3D_1_20_1,1.287434173,-0.470927112,38.88698318,-6.802621825
Blades,YM3D_1_20_2,1.394907497,0.06231889,39.15045918,-7.329468708
Blades,YM3D_1_20_3,1.564124791,0.343725958,42.0274381,-7.134849897
Blades,YM3D_2_1_1,1.706350947,0.533115502,41.03579743,-10.49846014
Blades,YM3D_2_1_2,1.705005587,0.791404347,41.17966587,-11.2801376
Blades,YM3D_2_1_3,1.691092993,0.47616993,40.77224748,-10.54991233
Blades,YM3D_2_20_1,1.385047699,-0.342422669,40.21784946,-7.189688681
Blades,YM3D_2_20_2,1.420942655,-0.289544638,41.19602213,-7.58151688
Blades,YM3D_2_20_3,1.542380756,0.480237471,40.34545895,-7.378676524
Blades,YM3D_3_1_1,1.790187401,1.223860884,40.32205967,-9.603492571
Blades,YM3D_3_1_2,1.972876583,1.109067733,42.12117935,-11.09223958
Blades,YM3D_3_1_3,1.791547914,0.303483937,41.80397111,-9.844107832
Blades,YM3D_3_20_1,1.470314311,0.401563664,40.54441569,-5.836423415
Blades,YM3D_3_20_1,1.458561566,0.418616095,40.41761304,-5.766754613
Blades,YM3D_3_20_1,1.471088711,0.376486559,40.48737062,-6.092843311
Blades,YM3D_3_20_1,1.463176457,0.395545159,40.41323072,-6.766308395
Blades,YM3D_3_20_1,1.445382603,0.472782642,39.90681677,-6.072523244
Blades,YM3D_3_20_1,1.466097919,0.408585253,40.55801783,-5.994145841
Blades,YM3D_3_20_1,1.469035904,0.426640769,40.45281288,-6.22153707
Blades,YM3D_3_20_1,1.459115938,0.458739463,40.43993082,-6.623100302
Blades,YM3D_3_20_1,1.46944354,0.509896757,40.45086543,-5.73095259
Blades,YM3D_3_20_1,1.476815342,0.386517401,40.44308785,-5.812232859
Blades,YM3D_3_20_2,1.662477312,-0.169910828,41.47479586,-6.585736231
Blades,YM3D_3_20_2,1.676737765,-0.297910271,41.6555513,-6.390176417
Blades,YM3D_3_20_2,1.678291941,-0.171942566,41.67151995,-7.229933264
Blades,YM3D_3_20_2,1.664001641,-0.230862944,41.39225058,-6.503294348
Blades,YM3D_3_20_2,1.670436432,-0.304005483,41.59529076,-7.008490534
Blades,YM3D_3_20_2,1.667975907,-0.265402476,41.4525027,-6.36716938
Blades,YM3D_3_20_2,1.673890971,-0.279624637,41.43737053,-6.489873577
Blades,YM3D_3_20_2,1.646762964,-0.285719848,40.91182971,-6.243506557
Blades,YM3D_3_20_2,1.661373269,-0.317211775,41.32763393,-6.450569889
Blades,YM3D_3_20_2,1.666272705,-0.140450639,41.19286706,-6.401679935
Blades,YM3D_3_20_3,1.634481212,-0.928764669,41.69942917,-7.50793496
Blades,YM3D_3_20_3,1.598554792,-0.839368233,40.54665785,-7.148450008
Blades,YM3D_3_20_3,1.638922199,-0.84139997,41.53062108,-7.319085532
Blades,YM3D_3_20_3,1.622272638,-0.918605983,41.48562833,-7.499307321
Blades,YM3D_3_20_3,1.605100162,-0.768257431,40.66305406,-7.452334621
Blades,YM3D_3_20_3,1.644420014,-0.789590671,41.44585234,-6.76020626
Blades,YM3D_3_20_3,1.613026096,-0.8921934,41.04649638,-7.171457045
Blades,YM3D_3_20_3,1.609622696,-0.851558656,40.77324799,-6.498501216
Blades,YM3D_3_20_3,1.606703143,-0.907431428,40.67104734,-6.942345303
Blades,YM3D_3_20_3,1.611187807,-0.835304758,40.79966482,-6.996987015
Blades,YM4A_1_1_1,1.69005426,0.123494339,41.81581712,-8.540430202
Blades,YM4A_1_1_2,1.620537664,0.843325463,40.01929165,-7.531950906
Blades,YM4A_1_1_3,1.483145383,0.881050324,40.86379106,-7.956573767
Blades,YM4A_1_20_1,1.465336125,-0.352654577,41.66954334,-8.59350806
Blades,YM4A_1_20_2,1.425077609,-0.48010343,40.98079084,-8.109909801
Blades,YM4A_1_20_3,1.493160083,1.587626767,40.94970592,-7.633192005
Blades,YM4A_2_1_1,1.499185065,0.2168642,41.6459668,-7.884293215
Blades,YM4A_2_1_2,1.688838033,1.112740076,41.34054825,-7.709157884
Blades,YM4A_2_1_3,1.629616178,0.199577151,42.58305693,-7.432107642
Blades,YM4A_2_20_1,1.627182592,-0.061762349,41.11338071,-7.668589813
Blades,YM4A_2_20_2,1.649561067,2.598409377,41.16670744,-7.337118988
Blades,YM4A_2_20_3,1.512670483,0.119243219,40.7878063,-7.789304561
Blades,YM4A_3_1_1,1.533325925,0.96647932,42.34074831,-8.125175756
Blades,YM4A_3_1_2,1.526051215,0.011740188,41.24820292,-7.567118922
Blades,YM4A_3_1_3,1.562717041,1.374496149,41.42649586,-7.973787998
Blades,YM4A_3_20_1,1.466069183,0.71539204,40.91768616,-7.435520413
Blades,YM4A_3_20_2,1.48702264,0.020852227,42.02992514,-7.307879754
Blades,YM4A_3_20_2,1.48702264,0.169682187,42.02992514,-7.507751174
Blades,YM4A_3_20_2,1.48702264,-0.002434093,42.02992514,-7.54238236
Blades,YM4A_3_20_3,1.447000618,-0.156326297,40.8482096,-6.961567889
Blades,YM4B_1_1_1,1.473447647,1.142065575,40.57437005,-8.194441204
Blades,YM4B_1_1_2,1.443288547,0.831090373,39.37907883,-8.776331792
Blades,YM4B_1_1_3,1.585181334,-0.798215768,43.02015784,-7.988027313
Blades,YM4B_1_20_1,1.321731972,-0.063090782,39.83879905,-7.955590844
Blades,YM4B_1_20_2,1.401329252,0.252982374,40.50289608,-7.708877098
Blades,YM4B_1_20_2,1.401914341,0.257060738,40.03255249,-7.690201556
Blades,YM4B_1_20_3,1.431285414,0.270315418,41.42747046,-9.380829615
Blades,YM4B_2_1_1,1.545348491,0.673445662,41.71915346,-9.057798881
Blades,YM4B_2_1_2,1.353613074,0.700901563,39.97453538,-9.172576839
Blades,YM4B_2_1_3,1.536280803,0.337873541,41.4222871,-9.537689478
Blades,YM4B_2_20_1,1.670411341,0.587010419,40.15031658,-6.591062266
Blades,YM4B_2_20_2,1.883999832,1.6476217,41.87190837,-7.11844719
Blades,YM4B_2_20_3,1.687241333,0.064331418,41.67693241,-7.442002294
Blades,YM4B_3_1_1,1.443952523,0.639458387,41.36313819,-8.470498159
Blades,YM4B_3_1_2,1.475460357,0.250678083,41.34017429,-8.087576182
Blades,YM4B_3_1_3,1.478140557,0.860172205,42.56335125,-9.416424281
Blades,YM4B_3_20_1,1.51586414,0.169682187,41.28667819,-9.175984901
Blades,YM4B_3_20_2,1.572928605,0.296238275,41.06505456,-8.264689964
Blades,YM4B_3_20_3,1.785332825,0.504802709,41.48604495,-8.455656221
Blades,YM4C_1_1_1,1.605014365,1.081909716,40.50105243,-11.84403538
Blades,YM4C_1_1_2,1.710409247,0.515017217,42.05257296,-12.55960354
Blades,YM4C_1_1_3,1.626279344,0.554781259,41.79152021,-11.56488517
Blades,YM4C_1_20_1,1.282479897,0.924892729,39.86192447,-8.347777237
Blades,YM4C_1_20_2,1.471576956,0.637368116,41.67234714,-7.244937305
Blades,YM4C_1_20_3,1.470028335,-0.659551415,41.42878452,-7.097498812
Blades,YM4C_2_1_1,1.698147492,1.057828274,42.29163282,-11.87876402
Blades,YM4C_2_1_2,1.62742254,1.351708102,41.00597878,-10.86159385
Blades,YM4C_2_1_3,1.59418798,0.986646309,40.8803768,-11.89459546
Blades,YM4C_2_20_1,1.571625059,0.745644513,41.03314231,-7.687389651
Blades,YM4C_2_20_2,1.450342169,0.786319921,41.21242701,-7.076889654
Blades,YM4C_2_20_3,1.542306195,0.640905335,41.11712691,-7.898145727
Blades,YM4C_3_1_1,1.820159426,1.577998339,42.19873622,-12.3927274
Blades,YM4C_3_1_2,1.669036102,1.466628981,41.66944568,-11.56751569
Blades,YM4C_3_1_3,1.74677168,1.487890404,42.10301844,-10.50285408
Blades,YM4C_3_20_1,1.388945436,1.156819676,41.28666146,-7.225754369
Blades,YM4C_3_20_2,1.507205462,0.940155653,41.63185439,-6.899231754
Blades,YM4C_3_20_3,1.44044947,1.947542117,41.87625743,-7.280174805
Blades,YM4D_1_1_1,1.683201855,1.09822317,41.74327417,-10.50431094
Blades,YM4D_1_1_2,1.603503445,1.40715919,41.96606128,-9.500746257
Blades,YM4D_1_1_3,1.53933503,0.712817837,41.97119097,-9.883103417
Blades,YM4D_1_20_1,1.457620809,-0.453594068,41.14750972,-8.068627023
Blades,YM4D_1_20_2,1.341689472,0.243806057,41.17578971,-7.633192005
Blades,YM4D_1_20_3,1.647009483,-0.672806096,42.65019501,-7.45233412
Blades,YM4D_2_1_1,1.684823462,2.712300521,40.93939492,-10.98329806
Blades,YM4D_2_1_2,1.721299543,1.408653674,40.06117778,-10.78441557
Blades,YM4D_2_1_2,1.738374476,1.454413508,40.67942536,-10.62906954
Blades,YM4D_2_1_2,1.741560343,1.433058919,40.49408474,-10.65479563
Blades,YM4D_2_1_3,1.716630231,2.157081193,40.89465378,-11.82137504
Blades,YM4D_2_20_1,1.590782886,0.959190408,41.4611299,-7.818988515
Blades,YM4D_2_20_2,1.533580616,-0.53359709,41.36658442,-7.345034709
Blades,YM4D_2_20_3,1.441445829,-0.34852398,40.85857074,-7.74873649
Blades,YM4D_3_1_1,1.642107462,1.151734214,42.74916379,-9.863280363
Blades,YM4D_3_1_2,1.748624074,1.442330212,42.28833551,-10.91150208
Blades,YM4D_3_1_2,1.788056075,1.372177699,42.51504387,-10.65606451
Blades,YM4D_3_1_3,1.891455332,2.004047966,41.99309606,-11.00404594
Blades,YM4D_3_20_1,1.541697919,-0.120890592,41.87062976,-7.015988325
Blades,YM4D_3_20_2,1.57728044,0.090711188,42.01367035,-6.931884015
Blades,YM4D_3_20_3,1.472239975,0.247640737,40.96871545,-8.111323281