SampleID,N,d15N,C,d13C
YM1A_1_1_1_Rt,0.837628114,0.012470272,35.57435313,-6.972995813
YM1A_1_1_1_Rz,0.487946016,0.38058272,35.04041053,-7.037311048
YM1A_1_1_1_S,0.714413039,-0.232599066,36.32039158,-7.879345889
YM1A_1_1_2_Rt,0.844791222,0.484305012,35.81199554,-6.51487345
YM1A_1_1_2_Rz,0.559452462,1.365944495,36.23843308,-7.203541193
YM1A_1_1_2_S,0.777923043,0.531081732,38.01057559,-7.268845893
YM1A_1_1_3_Rt,0.782828911,0.766999102,36.23495305,-6.763229202
YM1A_1_1_3_Rz,0.474899021,0.657175499,36.65475551,-7.463770527
YM1A_1_1_3_S,0.796447344,0.492440094,36.67986711,-8.494793212
YM1A_1_20_1_Rt,0.749833163,-0.273143658,34.35320865,-7.111459399
YM1A_1_20_1_Rz,0.496490852,0.581878476,36.21962959,-7.93832654
YM1A_1_20_1_S,0.721518671,-0.152890247,37.20728811,-8.185299999
YM1A_1_20_2_Rt,0.877485969,-0.196711405,36.59122983,-7.416718594
YM1A_1_20_2_Rz,0.529057399,-0.286391915,34.70533899,-7.79409404
YM1A_1_20_2_S,0.772746102,0.111055799,37.75390867,-8.307798834
YM1A_1_20_3_Rt,0.734756034,-0.273143658,35.65475534,-7.16579356
YM1A_1_20_3_Rz,0.451716656,0.074368318,33.34758681,-7.726917259
YM1A_1_20_3_Rz,0.446368366,0.262347664,33.25843554,-7.483267171
YM1A_1_20_3_Rz,0.435446425,0.759614997,33.01566687,-7.348372772
YM1A_1_20_3_S,0.759468159,-0.304735656,39.06390146,-7.95116916
YM1A_2_1_1_Rt,0.769162216,-0.53147678,37.13764494,-6.410964758
YM1A_2_1_1_Rz,0.45062783,-0.762873369,33.57078213,-6.962552682
YM1A_2_1_1_S,0.701854565,-0.671931478,36.1793592,-7.06851302
YM1A_2_1_2_Rt,0.847047891,0.05560365,36.1913438,-6.581293525
YM1A_2_1_2_Rz,0.465168524,0.264769999,35.01542564,-7.425015089
YM1A_2_1_2_S,0.726729179,0.223340916,37.51007953,-7.539887978
YM1A_2_1_3_Rt,0.819843653,0.06671877,33.80826121,-6.657545356
YM1A_2_1_3_Rz,0.579354929,0.463831694,35.91392731,-7.24280292
YM1A_2_1_3_S,0.830380858,0.503239847,37.73591525,-7.66961512
YM1A_2_20_1_Rt,0.691930099,0.127976281,33.21871502,-6.900715095
YM1A_2_20_1_Rz,0.496540593,1.669686364,36.84975867,-8.079962891
YM1A_2_20_1_S,0.763972133,1.017385266,36.28320985,-7.605710863
YM1A_2_20_2_Rt,0.620388734,-0.290269821,31.8087454,-7.200191014
YM1A_2_20_2_Rz,0.471194111,-0.802137921,37.83849786,-8.546359813
YM1A_2_20_2_S,0.64192063,0.079130021,34.72761345,-8.066216456
YM1A_2_20_3_Rt,0.666138946,-0.11829028,34.50805977,-7.632221846
YM1A_2_20_3_Rz,0.419656902,-0.16611891,35.22368558,-8.189934376
YM1A_2_20_3_S,0.681750937,-0.111166867,36.83064346,-8.024977149
YM1A_3_1_1_Rt,0.938194239,-0.038478046,39.20877587,-6.515876571
YM1A_3_1_1_Rz,0.549579118,0.749427542,37.0569763,-7.134930061
YM1A_3_1_1_S,0.845652359,-0.102066895,39.03420434,-6.903284239
YM1A_3_1_1_S,0.852589592,-0.092131137,39.16151081,-6.789458275
YM1A_3_1_1_S,0.852589592,-0.128893441,39.16151081,-6.67563231
YM1A_3_1_2_Rt,0.915095187,0.119500502,38.75728968,-6.560807873
YM1A_3_1_2_Rz,0.567005169,-0.022580833,36.413643,-7.164884262
YM1A_3_1_2_S,0.929954946,0.145333472,39.42111829,-7.346606416
YM1A_3_1_3_Rt,0.897915139,0.526866569,37.51494524,-6.172401731
YM1A_3_1_3_Rz,0.481677642,0.575551782,35.88886001,-6.873330038
YM1A_3_1_3_S,0.935323251,0.701735905,38.98960782,-6.948215541
YM1A_3_20_1_Rt,0.826669509,0.844678996,37.93648109,-6.293276831
YM1A_3_20_1_Rz,0.646645769,0.721445785,38.83036094,-7.109704135
YM1A_3_20_1_S,0.774097236,0.603222055,39.19019163,-7.193259581
YM1A_3_20_2_Rt,0.840153926,0.392823891,37.66619678,-6.614411615
YM1A_3_20_2_Rz,0.502540783,0.510045725,36.22317076,-6.927492863
YM1A_3_20_2_S,0.809260822,0.818629699,39.26757262,-7.489227062
YM1A_3_20_3_Rt,0.911859211,0.246547072,38.32631618,-7.334196477
YM1A_3_20_3_Rz,0.614561518,0.410858019,38.58810423,-7.368424009
YM1A_3_20_3_S,0.797034144,0.788572819,38.98399695,-7.71673948
YM1B_1_1_1_Rt,0.817221832,0.713104186,37.54848897,-6.978932604
YM1B_1_1_1_Rz,0.64542907,0.068398958,37.54884155,-7.874398564
YM1B_1_1_1_S,0.807278581,1.212394827,38.02426273,-8.08317571
YM1B_1_1_2_Rt_1,0.771541674,0.136508584,33.27096047,-6.467591695
YM1B_1_1_2_Rz_1,0.596369248,0.415587189,35.71114104,-7.906795909
YM1B_1_1_2_S_1,0.68714852,1.497397346,33.25826663,-7.89092598
YM1B_1_1_3_Rt,0.793792265,0.042976828,34.71785525,-6.767187063
YM1B_1_1_3_Rz,0.547077354,-0.014985629,35.97601411,-7.54886453
YM1B_1_1_3_S,0.834097134,-0.386148733,37.87790576,-8.462140862
YM1B_1_20_1_Rt,0.700612277,0.015260709,32.9868776,-6.704447139
YM1B_1_20_1_Rz,0.479179158,0.408632036,34.85189351,-7.601454742
YM1B_1_20_1_S,0.775069536,0.329142494,37.87765781,-7.556999519
YM1B_1_20_2_Rt_1,0.857337871,0.292792603,33.50100201,-6.605461706
YM1B_1_20_2_Rz_1,0.511542924,0.553604245,34.78654211,-7.236291396
YM1B_1_20_2_S_1,0.782203508,0.750481515,33.62212818,-7.286876796
YM1B_1_20_3_Rt,0.690051933,0.387231006,33.26779246,-6.935614296
YM1B_1_20_3_Rz,0.363767982,0.990536254,35.30269439,-8.503401814
YM1B_1_20_3_S,0.81498321,0.559458348,37.63061722,-7.68344993
YM1B_2_1_1_Rt,0.873657165,-0.294017398,36.68596377,-6.69517613
YM1B_2_1_1_Rz,0.496979203,0.248602552,36.80168746,-7.367578645
YM1B_2_1_1_S,0.761989661,0.317314203,37.79538749,-7.248744622
YM1B_2_1_2_Rt,0.746571831,0.137451352,36.60251272,-6.706069249
YM1B_2_1_2_Rz,0.499932738,0.153618799,36.0591397,-7.053658767
YM1B_2_1_2_S,0.878222946,0.806379484,37.29729497,-7.969671029
YM1B_2_1_3_Rt,0.915769751,0.172817643,36.63001193,-6.382246536
YM1B_2_1_3_Rz,0.58981924,0.430486334,36.64151835,-6.716962368
YM1B_2_1_3_S,0.856907734,0.595192203,37.73049711,-7.381442614
YM1B_2_20_1_Rt,0.832946422,-0.115237389,37.63636732,-7.253212979
YM1B_2_20_1_Rz,0.597640022,0.060812674,38.32063108,-8.027922814
YM1B_2_20_1_S,0.782345704,-0.099972932,38.9404066,-8.101564433
YM1B_2_20_2_Rt,0.918054975,-0.464284622,37.11357465,-7.01657791
YM1B_2_20_2_Rz,0.545862276,0.337608147,38.1576163,-7.33176404
YM1B_2_20_2_S,0.709780029,-0.876424941,38.89940278,-7.20215479
YM1B_2_20_3_Rt,0.871321764,-0.317745842,36.03911286,-6.816272705
YM1B_2_20_3_Rz,0.536255042,0.627632816,36.72360242,-7.61356597
YM1B_2_20_3_S,0.775316703,-0.21496517,38.20529074,-7.674443041
YM1B_3_1_1_Rt,0.894012814,0.551705964,37.9953941,-5.992676524
YM1B_3_1_1_Rz,0.559544257,0.133410563,36.97019422,-6.632697955
YM1B_3_1_1_S,0.932486344,0.364913718,39.83423302,-6.940227754
YM1B_3_1_2_Rt,0.870428509,0.606352631,38.29663883,-6.56879566
YM1B_3_1_2_Rz,0.533991013,-0.113989804,36.29244319,-7.055052192
YM1B_3_1_2_S,0.87876633,0.525872993,39.60983533,-7.483397268
YM1B_3_1_3_Rt,0.885899586,0.307286323,37.95699877,-6.362111672
YM1B_3_1_3_Rz,0.620349281,0.17414717,37.61620337,-6.940227754
YM1B_3_1_3_S,1.03525893,0.932245485,39.42911455,-7.71803851
YM1B_3_20_1_Rt,1.128771445,-0.030978126,39.05028592,-6.798636272
YM1B_3_20_1_Rz,0.531994056,0.424884563,35.73295906,-7.581842737
YM1B_3_20_1_S,0.911662526,1.028025967,40.39475798,-7.279835103
YM1B_3_20_2_Rt,0.997621554,-0.019957269,35.69101653,-6.296296907
YM1B_3_20_2_Rz,0.62255916,-0.645140386,32.98019417,-6.841924033
YM1B_3_20_2_S,0.826213936,0.504034349,37.57056666,-7.047289224
YM1B_3_20_3_Rt,0.916267212,0.43089594,36.86481042,-6.660719453
YM1B_3_20_3_Rz,0.559464614,-0.105118431,33.63251612,-7.181179275
YM1B_3_20_3_S,0.800302257,1.154264866,38.40158368,-7.417751922
YM1C_1_1_1_Rt,0.887473587,1.178837615,35.04216831,-7.294571987
YM1C_1_1_1_Rz,0.647660066,1.60491252,36.98226126,-9.621794016
YM1C_1_1_1_S,0.974107497,3.258367882,36.96993506,-10.42128186
YM1C_1_1_2_Rt_1,0.845570721,0.307209549,33.14231848,-7.946894508
YM1C_1_1_2_Rz_1,1.06555251,1.918901951,35.43190478,-10.37705028
YM1C_1_1_2_S_1,0.959043311,2.492846329,30.89719785,-9.531348151
YM1C_1_1_3_Rt,0.887990148,1.216462368,34.26038789,-7.557769716
YM1C_1_1_3_Rz,0.688171322,1.785918089,37.23661269,-8.663002287
YM1C_1_1_3_S,1.079994018,2.026919885,35.53406564,-11.1069812
YM1C_1_20_1_Rt,0.72292825,-0.035694126,36.28033771,-6.736059741
YM1C_1_20_1_Rz,0.50056389,0.224175533,34.66006221,-7.299159228
YM1C_1_20_1_S,0.796458956,-0.725622594,38.40332905,-7.812864023
YM1C_1_20_2_Rt,0.644235981,-0.536070607,35.05638974,-7.027488423
YM1C_1_20_2_Rz,0.400716948,-0.222188823,35.78370885,-7.765445118
YM1C_1_20_2_S,0.662387743,-0.300659269,36.42570697,-7.383130204
YM1C_1_20_3_Rt,0.680287509,-0.570828826,34.23591023,-6.609429189
YM1C_1_20_3_Rz,0.430097942,-0.549517369,34.65564907,-7.626096535
YM1C_1_20_3_S,0.71945358,-0.458619258,34.71119355,-7.502665358
YM1C_2_1_1_Rt,0.78986375,-0.359697652,36.51034891,-7.973632163
YM1C_2_1_1_Rz,0.471723453,1.006451644,35.56223264,-7.935011106
YM1C_2_1_1_S,0.846747456,1.426805274,36.69759883,-11.30098481
YM1C_2_1_2_Rt,0.751828855,0.592160807,35.04471761,-7.994428117
YM1C_2_1_2_Rz,0.676333236,0.855892291,35.86312078,-9.660085009
YM1C_2_1_2_S,0.832415779,0.810421346,36.17863173,-10.10670288
YM1C_2_1_3_Rt,0.818239074,0.718468989,35.40470924,-8.017204638
YM1C_2_1_3_Rz,0.545161054,1.534925077,32.9489477,-8.578695398
YM1C_2_1_3_S,0.961132938,1.71882979,35.05299953,-10.117596
YM1C_2_20_1_Rt,0.689375446,-0.093959927,36.28998637,-6.5534315
YM1C_2_20_1_Rz,0.444357624,0.402566748,39.33854227,-6.886293554
YM1C_2_20_1_S,0.756423169,-0.122360802,37.30739587,-8.175206052
YM1C_2_20_1_S,0.757854428,-0.330687796,37.79699776,-7.784246999
YM1C_2_20_2_Rt,0.740443539,0.758661636,32.27672847,-7.481381236
YM1C_2_20_2_Rz,0.455810632,0.321316929,33.09337613,-8.578664864
YM1C_2_20_2_S,0.752946646,0.449711705,35.95771065,-7.696193375
YM1C_2_20_3_Rt,0.652624232,-0.00869777,34.84908649,-7.049821713
YM1C_2_20_3_Rz,0.382933542,0.231039351,34.30568061,-7.972933337
YM1C_2_20_3_S,0.730975661,-0.265487324,36.05818551,-8.248705678
YM1C_3_1_1_Rt,0.804338264,0.300331293,38.72901639,-7.88678051
YM1C_3_1_1_Rz,0.638726245,0.440425477,37.00470681,-8.739476769
YM1C_3_1_1_S,1.014353997,0.705710208,39.65739024,-9.013058473
YM1C_3_1_2_Rt,0.820876467,0.427508992,38.67108131,-7.850835469
YM1C_3_1_2_Rz,0.616791712,0.36690087,37.23194056,-8.101452285
YM1C_3_1_2_S,1.056439362,1.121024881,38.69260494,-9.125885964
YM1C_3_1_3_Rt,0.86750986,1.154806458,39.2059945,-8.013586628
YM1C_3_1_3_Rz,0.539000095,0.952117,38.05347785,-8.136398853
YM1C_3_1_3_S,1.071745373,1.417110462,39.88368662,-9.981577644
YM1C_3_20_1_Rt,0.940873537,0.752777578,39.25549203,-7.246614263
YM1C_3_20_1_Rz,0.712979859,2.579962902,39.10389406,-7.880830294
YM1C_3_20_1_S,0.996657807,1.78746315,39.01925299,-7.661371414
YM1C_3_20_2_Rt,1.038384006,0.63728652,38.40220796,-6.827830343
YM1C_3_20_2_Rz,0.790445778,0.944868598,37.82564484,-7.463053067
YM1C_3_20_2_S,1.150769702,2.090035748,39.88390726,-7.38352439
YM1C_3_20_3_Rt,1.110275812,0.198456063,39.71219217,-6.982860929
YM1C_3_20_3_Rz,0.627918633,0.319685481,34.33457733,-7.475133373
YM1C_3_20_3_S,0.905444897,0.942864806,38.696351,-7.241580802
YM1D_1_1_1_Rt,0.832149562,0.713104186,33.81574677,-8.05052336
YM1D_1_1_1_Rz,0.739153903,1.592709898,34.81882376,-8.421572791
YM1D_1_1_1_S,0.927195,1.980143165,34.76689533,-9.798908278
YM1D_1_1_2_Rt,0.792742662,0.304316329,34.91337627,-8.194985272
YM1D_1_1_2_Rz,0.458643019,0.642939106,36.03660134,-8.526456097
YM1D_1_1_2_S,0.879087836,1.126976469,37.29633552,-9.924570351
YM1D_1_1_3_Rt,0.672371865,1.06289212,33.48138277,-8.50241392
YM1D_1_1_3_Rz,0.665280385,0.524980421,35.09962429,-9.038009578
YM1D_1_1_3_S,0.850423943,0.996815161,35.33643373,-10.66271135
YM1D_1_20_1_Rt,0.763484855,0.826593862,36.80642092,-8.62391834
YM1D_1_20_1_Rz,0.444848353,0.770778141,38.20250232,-9.354926958
YM1D_1_20_1_S,0.749968603,0.650013217,37.30828403,-9.877642755
YM1D_1_20_2_Rt,0.721224913,0.179131498,36.48196166,-7.402925654
YM1D_1_20_2_Rz,0.542031622,0.013713998,37.3379826,-8.517788188
YM1D_1_20_2_S,0.79587733,-0.030938579,38.29688485,-8.148812331
YM1D_1_20_3_Rt,0.754642189,0.163909029,35.22437201,-8.086324485
YM1D_1_20_3_Rz,0.592509228,0.347593493,37.48259112,-9.087121901
YM1D_1_20_3_S,0.783012486,0.65204288,35.5447803,-9.029593408
YM1D_2_1_1_Rt,0.896349883,-0.052677434,37.66492768,-7.869127934
YM1D_2_1_1_Rt,0.896475916,0.08659324,37.67987862,-7.961186372
YM1D_2_1_1_Rt,0.900940779,0.305591327,37.63532542,-7.516398759
YM1D_2_1_1_Rt,0.907125723,0.048243344,37.68942213,-7.902075164
YM1D_2_1_1_Rt,0.897135687,0.279351925,37.51141265,-7.526089121
YM1D_2_1_1_Rt,0.895481814,0.235955991,37.64368608,-7.826490341
YM1D_2_1_1_Rt,0.898977543,0.167329862,37.68458589,-7.764472025
YM1D_2_1_1_Rt,0.898933799,0.357060924,37.64635051,-7.205338141
YM1D_2_1_1_Rt,0.897616166,0.160265407,37.69938423,-7.850716246
YM1D_2_1_1_Rt,0.894783814,0.211735004,37.51554861,-7.585200329
YM1D_2_1_1_Rz,0.587919202,1.411506983,37.89849434,-6.702259765
YM1D_2_1_1_Rz,0.593552062,1.097617559,38.09021521,-6.92590118
YM1D_2_1_1_Rz,0.616157164,1.138734065,38.29721517,-6.954945519
YM1D_2_1_1_Rz,0.611125356,1.185867621,38.32925872,-8.008286899
YM1D_2_1_1_Rz,0.62623875,1.561045802,38.81573454,-8.27999928
YM1D_2_1_1_Rz,0.608258521,1.211859911,38.8271071,-7.95149601
YM1D_2_1_1_Rz,0.617690329,1.137178536,38.95610421,-7.563881533
YM1D_2_1_1_Rz,0.594368546,1.037266966,38.72174807,-6.971800419
YM1D_2_1_1_Rz,0.618560437,0.777900567,38.95668112,-8.060028064
YM1D_2_1_1_Rz,0.622610844,1.219933574,39.03959152,-8.172436262
YM1D_2_1_1_S,0.925592004,1.237012543,37.43494349,-9.659941674
YM1D_2_1_1_S,0.911404973,1.170824997,37.07998183,-9.457599442
YM1D_2_1_1_S,0.926828892,1.438583706,37.45486974,-9.922308874
YM1D_2_1_1_S,0.925021787,1.298185881,37.38513844,-9.478898624
YM1D_2_1_1_S,0.912393509,1.333285337,36.9615689,-9.131334695
YM1D_2_1_1_S,0.910081182,1.346322278,37.23555313,-9.272683814
YM1D_2_1_1_S,0.92440069,1.231998335,37.32322028,-9.775150888
YM1D_2_1_1_S,0.915812069,1.37239616,37.32367392,-9.008380324
YM1D_2_1_1_S,0.923803504,1.233001176,37.27340546,-9.133270984
YM1D_2_1_1_S,0.920640343,1.236009701,37.36652998,-8.759567149
YM1D_2_1_2_Rt,0.917781678,0.682025828,36.82663852,-8.677304119
YM1D_2_1_2_Rt,0.90907544,0.806158385,36.57253113,-8.687963517
YM1D_2_1_2_Rt,0.892809571,0.807167593,35.62789765,-8.492218206
YM1D_2_1_2_Rt,0.899361188,0.982769746,36.09411459,-8.608502549
YM1D_2_1_2_Rt,0.915584863,1.043322213,36.69968104,-8.354615067
YM1D_2_1_2_Rt,0.918508041,0.890931838,36.75912581,-8.362367356
YM1D_2_1_2_Rt,0.917331059,0.798084723,36.75305127,-8.36139832
YM1D_2_1_2_Rt,0.905307256,0.786983437,36.09890151,-8.137550959
YM1D_2_1_2_Rt,0.914864138,0.749642749,36.73569836,-8.157900719
YM1D_2_1_2_Rt,0.91441015,0.809186008,36.58340961,-8.194724095
YM1D_2_1_2_Rz,0.802140594,1.488382842,39.85507499,-9.149224745
YM1D_2_1_2_Rz,0.796346528,1.484346011,39.89097624,-9.456409218
YM1D_2_1_2_Rz,0.79435509,1.726555878,39.87929925,-8.27224699
YM1D_2_1_2_Rz,0.801937716,1.429848791,39.93828619,-9.337217767
YM1D_2_1_2_Rz,0.801709628,1.400581766,39.8875214,-8.647263997
YM1D_2_1_2_Rz,0.800213765,1.159381107,39.87015439,-9.673473326
YM1D_2_1_2_Rz,0.783929665,1.461134232,39.22310252,-9.611455009
YM1D_2_1_2_Rz,0.801912028,1.482327596,39.75033393,-8.48349688
YM1D_2_1_2_Rz,0.796670153,1.510585413,39.73976012,-8.732539182
YM1D_2_1_2_Rz,0.795385715,1.511594621,39.7879886,-9.309115717
YM1D_2_1_2_S,1.247095199,1.875918629,39.33567358,-10.83244061
YM1D_2_1_2_S,1.26605676,2.142349482,39.19783985,-10.00100756
YM1D_2_1_2_S,1.256268224,1.935461888,38.87734743,-10.72584663
YM1D_2_1_2_S,1.310324992,2.174644131,39.17232641,-10.72390856
YM1D_2_1_2_S,1.315514744,2.249325506,39.18127405,-10.47292819
YM1D_2_1_2_S,1.181627912,1.732611124,39.26657219,-10.64154048
YM1D_2_1_2_S,1.216031151,1.714445384,39.33410604,-10.69871362
YM1D_2_1_2_S,1.213370327,1.965738121,39.20137723,-9.375979214
YM1D_2_1_2_S,1.278850543,2.062622068,39.17666965,-10.26555444
YM1D_2_1_2_S,1.167553021,1.86178972,37.67978594,-10.38668396
YM1D_2_1_3_Rt,0.913251497,0.233937575,36.67616442,-8.27999928
YM1D_2_1_3_Rt,0.910474469,0.407521313,36.66207946,-8.226702289
YM1D_2_1_3_Rt,0.908799863,0.45899091,36.51714514,-7.312901159
YM1D_2_1_3_Rt,0.9051267,0.373208248,36.44470451,-7.840056848
YM1D_2_1_3_Rt,0.909793182,0.332839937,36.12938343,-8.154993611
YM1D_2_1_3_Rt,0.906626425,0.30458212,36.4346967,-7.394300199
YM1D_2_1_3_Rt,0.904403514,0.133016797,36.52041998,-8.08909915
YM1D_2_1_3_Rt,0.901200861,0.364125378,36.27210647,-7.748967446
YM1D_2_1_3_Rt,0.908613791,0.461009325,36.37654209,-7.622023704
YM1D_2_1_3_Rt,0.906174441,0.406512105,36.39777832,-7.403021525
YM1D_2_1_3_Rz,0.593849154,0.191550849,34.94708728,-7.925332033
YM1D_2_1_3_Rz,0.57840901,0.289444003,34.97654433,-7.860406608
YM1D_2_1_3_Rz,0.533778908,0.454954078,33.82256438,-7.761564916
YM1D_2_1_3_Rz,0.580679155,0.611381284,35.66792804,-7.588107438
YM1D_2_1_3_Rz,0.579520186,0.595233959,35.63836685,-7.553222135
YM1D_2_1_3_Rz,0.541069597,0.39541082,32.5524764,-7.495079963
YM1D_2_1_3_Rz,0.556270505,0.572022181,35.72704692,-7.884632513
YM1D_2_1_3_Rz,0.587774269,0.36816221,35.48652575,-7.595859727
YM1D_2_1_3_Rz,0.581286294,0.305591327,35.69358493,-8.036771195
YM1D_2_1_3_S,0.953072505,1.24415456,36.54169838,-10.73553699
YM1D_2_1_3_S,0.981777338,0.920198864,37.95525524,-11.29951606
YM1D_2_1_3_S,1.008591717,1.339020091,37.8087342,-10.7142182
YM1D_2_1_3_S,0.996636464,1.304707027,38.10419737,-9.999069487
YM1D_2_1_3_S,0.808279994,0.362106963,36.83109027,-8.12204638
YM1D_2_1_3_S,0.988870548,1.395535727,38.09822038,-10.4438571
YM1D_2_1_3_S,1.00523817,1.217915158,38.19041747,-10.44094999
YM1D_2_1_3_S,1.004212491,1.292596534,38.24300428,-10.62022169
YM1D_2_1_3_S,0.976419687,1.287550495,37.68218698,-10.56014144
YM1D_2_1_3_S,1.016257486,1.256265054,38.23365527,-10.9070564
YM1D_2_20_1_Rt,0.636797023,-0.471498661,36.02631352,-7.571633822
YM1D_2_20_1_Rz,0.41101466,-0.708662489,37.69448589,-8.408881093
YM1D_2_20_1_S,0.703538398,-0.874172564,39.45858053,-6.56674329
YM1D_2_20_2_Rt,0.695581086,-0.653156061,37.55911876,-6.632637751
YM1D_2_20_2_Rz,0.503673379,-1.220330832,40.23111175,-7.479575384
YM1D_2_20_2_S,0.845352055,0.04117889,39.38133034,-6.366152798
YM1D_2_20_3_Rt,0.7122634,-0.643063983,38.42959081,-7.702453708
YM1D_2_20_3_Rz,0.457248558,-0.938761862,40.3070839,-7.833273594
YM1D_2_20_3_S,0.747477262,-0.990231459,39.11942685,-7.920486852
YM1D_3_1_1_Rt,1.041322264,0.771286209,39.24487122,-7.733015611
YM1D_3_1_1_Rz,0.53755876,1.214421004,36.73870813,-8.518814154
YM1D_3_1_1_S,1.022456175,1.500920889,38.44533559,-9.356640933
YM1D_3_1_2_Rt,0.937061542,0.66298645,39.51577936,-7.80390722
YM1D_3_1_2_Rz,0.635827142,0.440425477,37.86411031,-7.377559091
YM1D_3_1_2_S,1.047349473,1.421084765,40.16418092,-10.34801737
YM1D_3_1_3_Rt,0.957755428,0.669941481,38.79178559,-8.311131693
YM1D_3_1_3_Rz,0.671565623,1.597941253,39.4992013,-8.546771409
YM1D_3_1_3_S,1.123830305,1.405187553,40.39220092,-10.27113492
YM1D_3_20_1_Rt,0.813576143,-0.081072927,38.10810078,-8.713364673
YM1D_3_20_1_Rz,0.562425735,0.728459057,37.26215842,-9.250938261
YM1D_3_20_1_S,0.767457315,-0.191281489,39.05051496,-8.54524709
YM1D_3_20_2_Rt,0.774436314,-0.116139287,38.44719321,-8.344915359
YM1D_3_20_2_Rz,0.475721288,1.247441196,39.08047473,-9.580126583
YM1D_3_20_2_S,0.836270779,-0.47281427,39.10903593,-9.437176302
YM1D_3_20_3_Rt,0.82467513,0.253560344,39.39564788,-8.237199303
YM1D_3_20_3_Rz,0.515750262,0.819631595,37.65644794,-9.036512841
YM1D_3_20_3_S,0.799320555,-0.007934517,39.53182924,-8.74054536
YM2A_1_1_1_Rt,0.833662701,0.095769349,36.37149075,-7.180611968
YM2A_1_1_1_Rz,0.509336552,1.276902427,35.64378346,-7.724941471
YM2A_1_1_1_S,0.736932826,0.620604151,36.60624218,-7.987721231
YM2A_1_1_2_Rt,0.739698254,0.342390751,33.10325642,-6.834849125
YM2A_1_1_2_Rz,0.531927057,0.116151283,33.51190915,-7.401900187
YM2A_1_1_2_S,0.763054937,0.14468599,36.74596346,-8.237658372
YM2A_1_1_3_Rt,0.70776005,0.015260709,35.14446793,-7.022548954
YM2A_1_1_3_Rz,0.497688067,0.916142194,34.87874723,-7.551072156
YM2A_1_1_3_S,0.754865805,-0.264990884,36.59501338,-8.199130512
YM2A_1_20_1_Rt,0.856160492,0.091856007,34.80616042,-6.689770706
YM2A_1_20_1_Rz,0.581830205,0.833697681,36.83141816,-7.572535523
YM2A_1_20_1_S,0.761877294,0.59724199,38.02565339,-7.331510972
YM2A_1_20_2_Rt,0.929075677,0.369919781,35.28305846,-6.829624458
YM2A_1_20_2_Rz,0.591266224,0.287718446,36.31250896,-7.698503087
YM2A_1_20_2_S,0.803310473,0.700754782,38.46656032,-8.012926062
YM2A_1_20_3_Rt,0.781406035,-0.071531831,36.64072984,-6.977413174
YM2A_1_20_3_Rz,0.506315827,-0.098932276,37.7663365,-7.349364642
YM2A_1_20_3_S,0.748634301,-0.425707951,38.35187329,-7.509055806
YM2A_2_1_1_Rt,0.793459238,0.845787637,35.44023929,-7.301229648
YM2A_2_1_1_Rt,0.789187091,0.517386363,35.48513106,-7.211113848
YM2A_2_1_1_Rt,0.786698786,0.622474771,35.42594165,-7.277462844
YM2A_2_1_1_Rz,0.562322588,1.397501775,37.24974506,-7.469577848
YM2A_2_1_1_S,0.874094558,0.704322473,36.55904934,-8.283590907
YM2A_2_1_2_Rt,0.741162539,-0.178824336,34.13010984,-6.784301648
YM2A_2_1_2_Rz,0.581447487,0.602265462,36.8808336,-7.404219135
YM2A_2_1_2_S,0.810793188,0.499197985,36.70661344,-7.540878262
YM2A_2_1_3_Rt,0.75761569,0.020237359,33.25976312,-6.402052206
YM2A_2_1_3_Rz,0.46029929,1.278266852,35.5963093,-6.928883042
YM2A_2_1_3_S,0.716196089,-0.189939456,36.14290186,-7.56563535
YM2A_2_20_1_Rt,0.912123108,-0.551237946,34.93317974,-6.800972134
YM2A_2_20_1_Rt,0.900194473,-0.534100624,34.8571584,-6.800012522
YM2A_2_20_1_Rt,0.9217502,-0.49075328,34.83555974,-6.505411601
YM2A_2_20_1_Rt,0.917281314,-0.583496434,34.95114449,-6.813447092
YM2A_2_20_1_Rt,0.906857553,-0.461519025,34.75713589,-6.598493977
YM2A_2_20_1_Rt,0.915144858,-0.532084468,34.8597717,-6.815366316
YM2A_2_20_1_Rt,0.917047099,-0.390953583,34.89301664,-6.523644231
YM2A_2_20_1_Rt,0.918245384,-0.560310646,34.84371023,-6.457430995
YM2A_2_20_1_Rt,0.913889794,-0.504866369,34.70393672,-6.729001225
YM2A_2_20_1_Rt,0.911845897,-0.407082827,34.71353533,-6.350914049
YM2A_2_20_1_Rz,0.483351256,-0.168168399,36.62863309,-7.398810487
YM2A_2_20_1_Rz,0.476783612,-0.054255612,36.60825181,-7.56290416
YM2A_2_20_1_Rz,0.476060433,0.058649096,36.4083526,-7.29613199
YM2A_2_20_1_Rz,0.485781307,-0.24377423,36.48316925,-7.569621445
YM2A_2_20_1_Rz,0.478724582,0.202804216,36.41250895,-7.121482583
YM2A_2_20_1_Rz,0.476813092,-0.085506023,36.50892764,-7.450629541
YM2A_2_20_1_Rz,0.478565539,0.094939896,36.51150527,-7.20113039
YM2A_2_20_1_Rz,0.482517291,0.285466592,36.29340391,-6.525563455
YM2A_2_20_1_Rz,0.494762118,-0.294178118,36.47152518,-7.290374317
YM2A_2_20_1_Rz,0.480335963,0.158448794,36.5203014,-7.11092685
YM2A_2_20_1_S,0.701822311,0.175586116,37.37301156,-7.867101203
YM2A_2_20_1_S,0.70577967,0.041511775,37.53734965,-7.954425906
YM2A_2_20_1_S,0.687189681,0.106028751,37.40748721,-7.736593954
YM2A_2_20_1_S,0.687908336,0.125182228,37.4994533,-7.717401712
YM2A_2_20_1_S,0.690450779,-0.028045591,37.07980253,-7.638713518
YM2A_2_20_1_S,0.702140635,-0.023005202,37.35017327,-7.846949348
YM2A_2_20_1_S,0.699136254,0.265305036,37.3010523,-7.814322536
YM2A_2_20_1_S,0.700754531,0.159456872,37.024666,-7.345072208
YM2A_2_20_1_S,0.700416227,-0.032077902,36.91313197,-7.64447119
YM2A_2_20_1_S,0.696059989,0.128206462,36.89383116,-7.430477687
YM2A_2_20_2_Rt,0.84807058,-0.448414015,33.73244625,-6.659909152
YM2A_2_20_2_Rt,0.840450277,-0.148006843,33.41791603,-6.388338922
YM2A_2_20_2_Rt,0.847017994,-0.318371984,33.62795939,-6.329802582
YM2A_2_20_2_Rt,0.846554735,-0.254863086,33.53625485,-6.104293733
YM2A_2_20_2_Rt,0.849283716,-0.242766152,33.58275118,-6.381621637
YM2A_2_20_2_Rt,0.841956939,-0.187321876,33.50665356,-6.260710509
YM2A_2_20_2_Rt,0.842043956,-0.440349393,33.45769416,-6.742435795
YM2A_2_20_2_Rt,0.845187303,-0.285105418,33.62659573,-6.282781588
YM2A_2_20_2_Rt,0.848628586,-0.357687017,33.67484937,-6.38737931
YM2A_2_20_2_Rt,0.841660419,-0.281073107,33.4931994,-6.396975431
YM2A_2_20_2_Rz,0.534746971,0.34897549,32.33203674,-6.709808983
YM2A_2_20_2_Rz,0.549156391,-0.016956735,32.14056141,-7.035117492
YM2A_2_20_2_Rz,0.547212542,0.374177434,32.41070994,-6.793295237
YM2A_2_20_2_Rz,0.54706861,0.149376094,32.2098278,-6.782739504
YM2A_2_20_2_Rz,0.548113905,-0.04619099,32.52699754,-6.710768595
YM2A_2_20_2_Rz,0.54397887,0.178610349,32.38597045,-6.491977031
YM2A_2_20_2_Rz,0.541957494,0.029414842,32.46675588,-6.88925645
YM2A_2_20_2_Rz,0.556013162,-0.227644986,32.37947145,-6.864306535
YM2A_2_20_2_Rz,0.538589174,-0.15405531,32.41095195,-6.95738891
YM2A_2_20_2_Rz,0.538763645,0.361072423,32.34012036,-6.549553758
YM2A_2_20_2_S,0.956238591,-0.091554489,36.88980683,-6.759708813
YM2A_2_20_2_S,0.93546377,-0.239741919,36.2472347,-7.113805686
YM2A_2_20_2_S,0.959357579,-0.435309004,37.22137631,-7.665582657
YM2A_2_20_2_S,0.965920175,-0.235709608,37.02907258,-7.021682923
YM2A_2_20_2_S,0.946944983,-0.344582006,36.75283663,-7.490933251
YM2A_2_20_2_S,0.954780855,-0.295186196,37.08432659,-7.543711917
YM2A_2_20_2_S,0.947455038,-0.362727405,36.5462884,-6.521725007
YM2A_2_20_2_S,0.958338823,-0.395993971,36.93166761,-7.175220862
YM2A_2_20_2_S,0.954718662,-0.35163855,36.97076715,-7.287495481
YM2A_2_20_2_S,0.958193966,-0.460510948,36.92390175,-7.32779919
YM2A_2_20_3_Rt,0.737383926,0.442761988,34.3703475,-7.030460802
YM2A_2_20_3_Rt,0.728568298,0.233168092,34.15714417,-6.785520205
YM2A_2_20_3_Rt,0.731266549,0.013545779,34.34333965,-6.790360929
YM2A_2_20_3_Rt,0.723492063,-0.263238505,34.19606855,-7.072091022
YM2A_2_20_3_Rt,0.734035329,-0.145906037,34.24713018,-6.893952406
YM2A_2_20_3_Rt,0.725601516,-0.154931611,34.23133553,-6.839736306
YM2A_2_20_3_Rt,0.730805202,0.116838465,34.16349582,-6.423434106
YM2A_2_20_3_Rt,0.723425984,-0.31037206,34.16613338,-7.074995456
YM2A_2_20_3_Rt,0.72852717,0.277293123,34.05685936,-6.569623948
YM2A_2_20_3_Rt,0.729862848,0.042628186,34.34393135,-7.019811211
YM2A_2_20_3_Rz,0.494089735,0.969951388,35.15457107,-6.240558655
YM2A_2_20_3_Rz,0.492832165,0.468936743,35.28834578,-6.895973735
YM2A_2_20_3_Rz,0.485289582,0.47498521,35.29209298,-6.678141783
YM2A_2_20_3_Rz,0.483935982,0.356032034,35.39016886,-7.113805686
YM2A_2_20_3_Rz,0.495735477,0.491114454,35.28600095,-7.07925965
YM2A_2_20_3_Rz,0.486963132,0.755230826,35.12156781,-6.312529564
YM2A_2_20_3_Rz,0.488754685,0.269337347,35.23128281,-6.968904256
YM2A_2_20_3_Rz,0.486889216,0.781440847,35.0907175,-6.517886558
YM2A_2_20_3_Rz,0.481904098,0.604019162,35.19934085,-6.332681419
YM2A_2_20_3_Rz,0.48848415,0.565712208,35.22523188,-6.705970534
YM2A_2_20_3_S,0.732572089,-0.111716044,36.56189115,-7.494771699
YM2A_2_20_3_S,0.725197284,-0.187321876,36.45291306,-6.777941443
YM2A_2_20_3_S,0.726753666,-0.295186196,36.50702182,-6.999611844
YM2A_2_20_3_S,0.729888512,-0.359703172,36.59378273,-6.963146583
YM2A_2_20_3_S,0.737646179,-0.233693453,36.65881857,-6.607130486
YM2A_2_20_3_S,0.739042948,-0.478656347,36.72483614,-7.075421202
YM2A_2_20_3_S,0.734752452,-0.297202351,36.66719282,-6.966985032
YM2A_2_20_3_S,0.732104862,-0.308291207,36.69832549,-7.161786293
YM2A_2_20_3_S,0.728605695,-0.6258357,36.63776116,-7.681896063
YM2A_2_20_3_S,0.733610573,-0.247806541,36.69718733,-7.315324232
YM2A_3_1_1_Rt,0.899999689,0.396708143,38.42856574,-6.908276606
YM2A_3_1_1_Rz,0.608947616,2.104664897,39.03127931,-7.582246132
YM2A_3_1_1_S,0.923002158,0.645102086,39.75521471,-8.206291989
YM2A_3_1_2_Rt,0.874217295,0.588468267,38.74954617,-6.763497967
YM2A_3_1_2_Rz,0.582861067,1.301855672,35.02835393,-7.379556037
YM2A_3_1_2_S,0.880978226,0.339080748,39.72112956,-7.795919433
YM2A_3_1_3_Rt,0.805318763,0.935226212,37.37873241,-6.782468961
YM2A_3_1_3_Rz,0.541423688,1.209453125,37.53333013,-7.0959896
YM2A_3_1_3_S,0.794205591,0.729556027,39.26361224,-7.641156061
YM2A_3_20_1_Rt,0.791132496,0.337748633,37.98441178,-6.726967662
YM2A_3_20_1_Rz,0.548644464,-0.019054471,39.51126102,-7.212586779
YM2A_3_20_1_S,0.762686107,0.311835558,40.5631626,-7.180937468
YM2A_3_20_2_Rt,0.813663764,0.232103021,39.61833431,-6.724000539
YM2A_3_20_2_Rz,0.486508928,0.35070517,41.81952653,-7.31544704
YM2A_3_20_2_S,0.8253861,0.070644633,41.33228093,-7.442044284
YM2A_3_20_3_Rt,0.807934184,-0.01008456,37.91784613,-6.60333754
YM2A_3_20_3_Rz,0.506058663,0.327782066,39.04939245,-7.001921052
YM2A_3_20_3_Rz,0.503806457,0.343728573,38.37914534,-7.085000494
YM2A_3_20_3_Rz,0.499032494,0.117487499,38.04474187,-7.023679953
YM2A_3_20_3_S,0.81626677,0.091574424,40.28113719,-7.044449814
YM2B_1_1_1_Rt,1.094234881,0.335257074,36.92711664,-6.539468868
YM2B_1_1_1_Rz,0.605062661,0.723532918,33.15605948,-7.09367731
YM2B_1_1_1_S,0.817758728,1.039452896,38.12016187,-7.858307139
YM2B_1_1_1_S,0.821962727,1.099579601,37.80409713,-8.084534827
YM2B_1_1_1_S,0.817758728,0.937543225,38.12016187,-7.877077122
YM2B_1_1_2_Rt,0.828860751,0.396402876,36.44621893,-7.185551437
YM2B_1_1_2_Rz,0.757630001,-0.263971787,35.85351885,-7.901774468
YM2B_1_1_2_S,0.804584467,0.408632036,38.83831271,-8.469813423
YM2B_1_1_3_Rt,0.994894947,0.399460166,37.45873156,-7.175672498
YM2B_1_1_3_Rz,0.832659223,-0.022445869,38.02206762,-7.508592721
YM2B_1_1_3_S,0.907651699,0.980345287,38.91003759,-8.555760187
YM2B_1_20_1_Rt,0.915350808,-0.020790266,36.03081747,-6.067867851
YM2B_1_20_1_Rz,0.617016365,0.670309843,34.3009719,-6.608437318
YM2B_1_20_1_S,0.75533449,0.031980961,36.44440697,-6.427916872
YM2B_1_20_2_Rt,0.884453996,-0.245067982,35.67415108,-6.190859803
YM2B_1_20_2_Rz,0.530170463,0.740333202,33.74526395,-6.711591859
YM2B_1_20_2_S,0.781813164,-0.039057229,37.54691458,-6.912941587
YM2B_1_20_3_Rt_1,0.654172598,-0.425377907,32.36601056,-6.140617355
YM2B_1_20_3_Rz_1,0.587258548,-0.258651107,36.02659018,-6.674380176
YM2B_1_20_3_S_1,0.568264007,0.44261192,33.84696388,-6.922941341
YM2B_2_1_1_Rt,0.842682551,-0.737611733,35.23164574,-7.231909802
YM2B_2_1_1_Rz,0.57284699,-0.590083776,37.22124637,-8.070679949
YM2B_2_1_1_S,0.774518828,-0.396074409,37.22192817,-8.74209218
YM2B_2_1_2_Rt,0.948253577,-0.145478976,36.070667,-6.824903272
YM2B_2_1_2_Rz,0.683669303,0.217278123,34.24668486,-7.263598874
YM2B_2_1_2_S,0.918458107,0.312261876,36.97509558,-8.552948026
YM2B_2_1_3_Rt,0.776230351,0.271843258,35.28804574,-7.164570522
YM2B_2_1_3_Rz,0.626314958,0.201110676,36.94589515,-7.012066859
YM2B_2_1_3_S,0.879197696,0.075812959,36.40724084,-7.920156853
YM2B_2_20_1_Rt,0.847366224,-0.09386715,36.02699133,-7.584109322
YM2B_2_20_1_Rz,0.535656417,-0.068426389,36.64828498,-7.775577532
YM2B_2_20_1_S,0.735208575,-0.391015232,38.80346423,-8.310706632
YM2B_2_20_2_Rt,0.807253234,-0.150854453,37.91172907,-7.481011055
YM2B_2_20_2_Rz,0.537531164,0.02723087,40.19374658,-8.010248825
YM2B_2_20_2_S,0.79370388,0.134082064,38.94475913,-8.37943881
YM2B_2_20_3_Rt,0.784849258,-0.048073781,38.12831388,-7.519304697
YM2B_2_20_3_Rz,0.417215811,0.437335928,39.6312764,-7.952317418
YM2B_2_20_3_S,0.755301258,-0.530430599,38.87725693,-8.539486596
YM2B_3_1_1_Rt,0.886599821,1.675440163,39.17001453,-6.870334618
YM2B_3_1_1_Rz,0.582130966,1.724125376,35.38925936,-7.201827777
YM2B_3_1_1_S,0.940603067,0.666960753,38.57663931,-8.276185125
YM2B_3_1_1_S,0.894277753,-0.03962182,39.29381145,-8.359627849
YM2B_3_1_1_S,0.902316292,-0.070311722,39.70556959,-8.394843407
YM2B_3_1_2_Rt,1.069120575,-0.019976545,38.00024905,-6.995721555
YM2B_3_1_2_Rz,0.633538868,0.5608914,36.49412249,-7.196722159
YM2B_3_1_2_Rz,0.631998582,0.28807474,36.4312628,-7.178986812
YM2B_3_1_2_S,0.849885828,0.788406401,40.19937528,-8.677623669
YM2B_3_1_3_Rt,1.027182542,-0.055211169,40.38826106,-7.036118736
YM2B_3_1_3_Rz,0.72651894,0.374651245,39.40642199,-7.465708262
YM2B_3_1_3_S,0.953504273,0.936391822,41.43389173,-8.074621857
YM2B_3_20_1_Rt,0.810693445,0.200210006,39.15110458,-6.988074478
YM2B_3_20_1_Rz,0.744319144,1.844693585,40.23836546,-6.789277243
YM2B_3_20_1_S,0.875985894,-0.506419604,41.02421018,-7.995907229
YM2B_3_20_2_Rt,0.911592869,-0.497449694,38.84192741,-6.834773128
YM2B_3_20_2_Rz,0.530494254,-0.193469396,39.51033452,-7.12258405
YM2B_3_20_2_S,0.812253437,-0.668874649,41.04318977,-7.085000494
YM2B_3_20_3_Rt,0.828085071,0.080611201,37.73472906,-6.926753938
YM2B_3_20_3_Rz,0.535754561,1.235736333,38.27118675,-7.208630615
YM2B_3_20_3_S,0.775173883,-0.200445993,37.83043636,-7.907882582
YM2C_1_1_1_Rt,0.790742845,0.443281324,37.20808972,-8.639731163
YM2C_1_1_1_Rz,0.58971757,0.185449859,36.7953473,-9.319402122
YM2C_1_1_1_S,0.9439468,0.557420155,37.31328481,-10.26580442
YM2C_1_1_2_Rt,0.792362585,0.50035074,35.84506078,-7.48784695
YM2C_1_1_2_Rz,0.518064849,0.731685691,34.25953321,-8.742472122
YM2C_1_1_2_S,0.840626596,0.531942738,36.51456789,-9.65627392
YM2C_1_1_3_Rt,0.71081152,0.920218581,32.07984955,-8.078607464
YM2C_1_1_3_Rz,0.411453498,1.306456232,33.63848506,-9.377687859
YM2C_1_1_3_S,0.934503554,0.629776021,36.45568101,-9.084283389
YM2C_1_20_1_Rt,0.867531324,0.098959826,36.63846027,-6.330713555
YM2C_1_20_1_Rz,0.475899572,0.32222271,35.47199824,-7.252161325
YM2C_1_20_1_S,0.705251622,-1.00619145,37.58326189,-7.702470569
YM2C_1_20_2_Rt,0.797052168,0.207546774,35.3634226,-6.724486176
YM2C_1_20_2_Rz,0.645827258,-0.033983073,37.86114572,-7.452519183
YM2C_1_20_2_S,0.737369794,-0.681445437,36.9426898,-7.134128726
YM2C_1_20_3_Rt,0.919860709,-0.150688671,36.08582646,-6.388242049
YM2C_1_20_3_Rt,0.926317238,-0.427737614,35.73361794,-6.568762495
YM2C_1_20_3_Rt,0.90432461,-0.292765052,36.14491772,-6.359477802
YM2C_1_20_3_Rz,0.527614073,0.199428124,36.03680422,-6.96947821
YM2C_1_20_3_S,0.817116394,-0.543428381,38.19313902,-7.056762821
YM2C_2_1_1_Rt,0.792844663,0.425434007,35.21844192,-8.423220884
YM2C_2_1_1_Rz,0.532879496,1.694578619,36.3524706,-8.827256563
YM2C_2_1_1_S,0.957195559,1.339905244,35.3224064,-10.7127564
YM2C_2_1_2_Rt,0.760481746,0.363795614,35.06450911,-9.002536747
YM2C_2_1_2_Rz,0.464032864,0.703312007,37.45816402,-9.603638848
YM2C_2_1_2_S,0.744616955,0.89833184,36.06094645,-11.60698242
YM2C_2_1_3_Rt,0.738195196,-0.13335339,33.49132946,-8.936187751
YM2C_2_1_3_Rz,0.467323068,1.225722648,36.07858652,-9.453115752
YM2C_2_1_3_S,0.944823922,0.560836378,35.51317114,-11.65352575
YM2C_2_20_1_Rt,0.753928144,0.557416317,36.66119873,-6.614003724
YM2C_2_20_1_Rz,0.594479796,-0.120325541,37.57896856,-7.161897372
YM2C_2_20_1_S,0.730610898,-0.396103384,39.11179739,-6.979266156
YM2C_2_20_2_Rt,0.727251552,-0.350310015,35.41294318,-6.515814899
YM2C_2_20_2_Rz,0.494082453,0.882040421,36.06107487,-7.125567506
YM2C_2_20_2_Rz,0.478580776,0.471935362,35.46863599,-7.187426466
YM2C_2_20_2_Rz,0.488188379,0.495340862,35.54335919,-7.297397951
YM2C_2_20_2_S,0.76909404,0.181910693,39.33605749,-7.297397951
YM2C_2_20_3_Rt,0.769273727,-0.125413693,35.97431291,-6.570800641
YM2C_2_20_3_Rz,0.427243876,0.894251986,35.81580308,-6.919370972
YM2C_2_20_3_S,0.730687863,-0.633211271,39.29888149,-6.935081184
YM2C_3_1_1_Rt,0.984272308,0.665588569,40.21844608,-8.38400514
YM2C_3_1_1_Rz,0.555659832,1.252496735,40.07722089,-8.716050255
YM2C_3_1_1_S,0.91641305,1.186054301,40.7663451,-8.884536056
YM2C_3_1_2_Rt,0.941171544,0.913237641,39.18077697,-8.628358815
YM2C_3_1_2_Rz,0.688145823,1.637057489,38.26209702,-9.802832933
YM2C_3_1_2_S,1.248130568,1.78504291,41.69952995,-9.499361433
YM2C_3_1_3_Rt,0.888969245,0.470288081,39.96152401,-8.109107255
YM2C_3_1_3_Rz,0.593633283,1.25954366,38.00719969,-9.310184394
YM2C_3_1_3_S,0.940412314,1.121625274,39.49802345,-10.33292276
YM2C_3_20_1_Rt,0.881733002,-0.144633217,38.95065956,-6.43025537
YM2C_3_20_1_Rz,0.556045216,1.231749706,40.25331654,-7.468748391
YM2C_3_20_1_S,0.856944761,0.018818484,40.25831451,-7.285775811
YM2C_3_20_2_Rt,0.876456226,-0.469543306,40.03520719,-6.102882808
YM2C_3_20_2_Rz,0.572392813,0.052704813,42.25013309,-5.942658171
YM2C_3_20_2_S,0.819760636,-0.625021753,41.3387443,-7.453912776
YM2C_3_20_3_Rt,0.948517827,-0.317054828,39.9733357,-5.876392426
YM2C_3_20_3_Rz,0.611287067,0.62976905,40.04914757,-6.282888265
YM2C_3_20_3_S,0.854484694,-0.589142112,41.00250447,-6.633008769
YM2D_1_1_1_Rt,0.812582498,1.183145531,34.21259884,-8.348302482
YM2D_1_1_1_Rz,0.579726599,1.583650535,36.05773737,-9.156399639
YM2D_1_1_1_S,0.935876831,1.454225254,37.6026076,-10.34977539
YM2D_1_1_2_Rt,0.795286635,0.984421674,34.84704722,-8.183324211
YM2D_1_1_2_Rz,0.5787526,0.823404395,36.5752071,-9.04575553
YM2D_1_1_2_S,0.940473713,1.046586572,35.51360386,-9.418191506
YM2D_1_1_3_Rt,0.840383435,0.122265863,36.30132311,-8.135905307
YM2D_1_1_3_Rz,0.594600138,0.346467138,35.90786367,-7.32286868
YM2D_1_1_3_S,0.888446216,0.863149166,37.44655472,-10.30334438
YM2D_1_20_1_Rt,0.830342486,-0.467316034,35.56575784,-6.422957519
YM2D_1_20_1_Rz,0.579891833,0.43182449,36.3225365,-6.769120352
YM2D_1_20_1_S,0.720692579,-0.955449885,37.75335243,-7.902828427
YM2D_1_20_2_Rt_1,0.806029096,0.195408354,34.78069196,-6.534960226
YM2D_1_20_2_Rz_1,0.548054208,0.292370008,36.23727964,-7.246914271
YM2D_1_20_2_S_1,0.695883279,-0.88847102,34.84060095,-7.240258878
YM2D_1_20_3_Rt,0.985669591,-0.675356449,36.73703746,-6.312859885
YM2D_1_20_3_Rz,0.594652895,0.500833018,35.99586022,-6.939722092
YM2D_1_20_3_S,0.750258198,0.03908478,37.70088996,-7.231332043
YM2D_2_1_1_Rt,0.73217104,0.264769999,33.58620867,-8.855974785
YM2D_2_1_1_Rz,0.737477362,0.352680494,36.68928999,-10.06015955
YM2D_2_1_1_S,0.867482952,1.250984284,36.59907777,-11.30989736
YM2D_2_1_2_Rt,0.779720306,0.125325767,33.59573739,-8.383609543
YM2D_2_1_2_Rz,0.547196592,1.099414466,35.24884588,-8.592559367
YM2D_2_1_2_S,0.856058267,0.929656269,35.80596162,-10.70780498
YM2D_2_1_3_Rt,0.804043744,0.89833184,36.6641386,-8.094446753
YM2D_2_1_3_Rz,0.650860567,0.69825968,38.44826343,-8.920343215
YM2D_2_1_3_S,1.171458296,1.911828692,38.01090323,-10.29287618
YM2D_2_20_1_Rt,0.818542549,-0.111211485,35.53101092,-5.957219524
YM2D_2_20_1_Rz,0.517262711,0.586151089,35.87660367,-6.522167625
YM2D_2_20_1_S,0.736459384,-0.171763951,38.01435819,-6.444644729
YM2D_2_20_2_Rt,0.778147123,-0.253509781,34.93481449,-5.926210366
YM2D_2_20_2_Rz,0.455527851,-0.216169093,34.32321117,-5.862253977
YM2D_2_20_2_S,0.686233905,0.084218173,36.91712296,-7.436826083
YM2D_2_20_2_S,0.665625938,-0.012309122,37.64133092,-7.198554888
YM2D_2_20_3_Rt,0.925036825,-0.429993131,34.72201645,-7.18625645
YM2D_2_20_3_Rz,0.549666635,0.429723884,36.92405951,-6.193664355
YM2D_2_20_3_S,0.735705236,-0.23130721,37.30508977,-6.868113546
YM2D_3_1_1_Rt,0.879852103,0.788406401,39.96957575,-8.457902421
YM2D_3_1_1_Rz,0.522796062,1.627997157,39.33689757,-8.790932833
YM2D_3_1_1_S,0.892964304,1.124645385,40.19783166,-10.55954109
YM2D_3_1_2_Rt,0.81092404,0.798420897,38.83793305,-8.207660002
YM2D_3_1_2_Rz,0.465172359,1.283497367,40.49554078,-8.482978374
YM2D_3_1_2_S,1.000677519,0.964579522,41.88878381,-9.478670194
YM2D_3_1_3_Rt,0.799881273,0.665302198,39.72990924,-7.931354825
YM2D_3_1_3_Rz,0.457073707,1.181641393,40.34397747,-9.154992035
YM2D_3_1_3_S,0.823772845,1.029361669,40.78863275,-10.06679912
YM2D_3_20_1_Rt,0.93185771,0.212169887,39.68659546,-6.464871804
YM2D_3_20_1_Rz,0.555487915,1.089227796,38.52319861,-7.31544704
YM2D_3_20_1_S,0.877300719,0.067654663,40.0138402,-7.379734703
YM2D_3_20_2_Rt,1.112772811,0.100544335,40.32386182,-6.315526617
YM2D_3_20_2_Rz,0.571220682,1.288559138,36.82622126,-6.805101898
YM2D_3_20_2_S,0.808670134,1.140057288,40.06547936,-7.137419665
YM2D_3_20_3_Rt,0.899957515,0.362665051,39.61720838,-6.801145735
YM2D_3_20_3_Rz,0.527104751,0.98158887,36.91985117,-7.222477189
YM2D_3_20_3_S,0.90592809,0.492230424,39.97132919,-7.352041556
YM3A_1_1_1_Rt,0.7859224,1.169897274,34.19991356,-7.835585581
YM3A_1_1_1_Rz,0.558650432,0.643024278,32.06523865,-7.82768243
YM3A_1_1_1_S,0.804765332,0.417803907,36.02105759,-8.754326848
YM3A_1_1_2_Rt,0.754977154,0.201755406,35.2127815,-7.601454742
YM3A_1_1_2_Rz,0.494181011,1.051682056,33.78028136,-9.028961334
YM3A_1_1_2_S,0.767710472,0.945695999,36.49125228,-8.750375273
YM3A_1_1_3_Rt,0.778536403,0.586973959,32.44957283,-8.132941625
YM3A_1_1_3_Rz,0.546337418,-0.424989067,36.10335283,-8.796806283
YM3A_1_1_3_S,0.756943111,0.220099146,36.15340474,-9.040816061
YM3A_1_20_1_Rt,0.801248322,-0.068487337,34.27505723,-6.719526823
YM3A_1_20_1_Rz,0.569471981,0.338460011,36.75610174,-6.893104175
YM3A_1_20_1_S,0.754606476,0.265392158,37.32624303,-7.221413337
YM3A_1_20_2_Rt,1.119642377,-0.045146217,36.0089713,-5.859575029
YM3A_1_20_2_Rz,0.627740898,0.388186744,34.73046317,-6.485445366
YM3A_1_20_2_S,0.73106258,0.559693232,38.45393179,-6.357494061
YM3A_1_20_3_Rt,0.842624578,0.187250149,37.50099752,-6.6292666
YM3A_1_20_3_Rz,0.547430651,0.740333202,32.16382173,-6.7304374
YM3A_1_20_3_S,0.725088259,-0.180118779,38.60923516,-7.255136937
YM3A_2_1_1_Rt,0.813381445,-0.2040586,37.23104431,-5.53568878
YM3A_2_1_1_Rz,0.523917769,0.32274786,38.38052835,-6.660739801
YM3A_2_1_1_S,0.782979596,-0.165101279,38.16834301,-7.791287744
YM3A_2_1_1_S,0.716377022,-0.496728856,34.86065933,-6.978583672
YM3A_2_1_2_Rt,0.819406604,-0.114239108,37.12827203,-6.673337271
YM3A_2_1_2_Rz,0.443300481,0.658814049,33.90198256,-7.116186811
YM3A_2_1_2_S,0.766875131,-0.502784102,38.19884188,-7.977659987
YM3A_2_1_3_Rt,0.829801914,0.034114435,37.88012574,-7.148165006
YM3A_2_1_3_Rz,0.545791389,-0.069833966,33.47986109,-7.051261386
YM3A_2_1_3_S,0.799599785,0.093657694,38.4883263,-7.594890691
YM3A_2_20_1_Rt,0.833528747,0.429650021,36.27680338,-6.457636898
YM3A_2_20_1_Rz,0.519262611,1.421700287,37.44681727,-6.765340773
YM3A_2_20_1_S,0.771387866,-0.243419471,38.28498664,-7.370104677
YM3A_2_20_2_Rt,0.804020668,-0.120040116,35.39890967,-6.172188335
YM3A_2_20_2_Rz,0.574756213,-0.128064789,35.1788454,-6.961768089
YM3A_2_20_2_S,0.753198737,-0.936550648,37.05219947,-7.598463528
YM3A_2_20_3_Rt,0.836544683,-0.450054815,35.99296301,-6.423770119
YM3A_2_20_3_Rz,0.573509895,0.499865915,39.22227156,-7.44461159
YM3A_2_20_3_S,0.788409922,-0.213326946,36.4676165,-7.82779
YM3A_3_1_1_Rt,0.907753909,0.4636072,37.73780694,-6.361349341
YM3A_3_1_1_Rz,0.598473324,0.787327672,36.21866984,-6.435359657
YM3A_3_1_1_S,0.78237113,0.282081702,39.85585167,-7.836621622
YM3A_3_1_2_Rt,0.900528791,0.743963247,39.10946201,-6.702783595
YM3A_3_1_2_Rz,0.661609636,0.871031096,36.94238107,-7.212961367
YM3A_3_1_2_S,0.820809654,1.132226118,39.74228312,-7.619524698
YM3A_3_1_3_Rt,0.927716591,0.492852975,39.09244648,-6.532066468
YM3A_3_1_3_Rz,0.571864539,0.645132698,35.34586718,-7.212961367
YM3A_3_1_3_S,0.843147907,0.4958784,39.41162895,-8.150425358
YM3A_3_20_1_Rt,0.998515775,0.570966304,37.78371964,-5.967384195
YM3A_3_20_1_Rz,0.589727967,1.133080691,37.23584076,-6.760595055
YM3A_3_20_1_S,0.918144703,1.149027198,40.1538273,-7.008844339
YM3A_3_20_2_Rt,0.995857602,0.48425717,39.24449366,-6.005956793
YM3A_3_20_2_Rz,0.669658626,0.251039499,37.53271147,-6.27794306
YM3A_3_20_2_S,0.871322018,0.713488214,39.44597168,-7.00983338
YM3A_3_20_3_Rt,0.985562636,-0.06490068,38.02846167,-5.926833515
YM3A_3_20_3_Rz,0.547113088,0.919796154,38.81458831,-6.336296478
YM3A_3_20_3_S,0.87769786,0.172303618,41.02427168,-6.548940287
YM3B_1_1_1_Rt,0.865373787,0.423918487,34.0201371,-7.964999673
YM3B_1_1_1_Rz,0.554583006,1.593841502,35.9111807,-8.539953886
YM3B_1_1_1_S,0.808001589,1.080216764,35.10772312,-9.45276779
YM3B_1_1_2_Rt,0.792595114,0.150800571,36.0384262,-7.583672653
YM3B_1_1_2_Rz,0.589107427,1.029261929,34.01334871,-8.512292858
YM3B_1_1_2_S,0.916221568,0.78773601,37.16450751,-9.416215718
YM3B_1_1_3_Rt,0.850090392,0.710284661,34.92582102,-7.758529862
YM3B_1_1_3_Rz,0.605457438,0.414746617,37.76730056,-8.251488886
YM3B_1_1_3_S,0.886656643,0.747991239,38.03473327,-8.791866814
YM3B_1_20_1_Rt,0.732209776,0.186235317,35.09514331,-6.954600151
YM3B_1_20_1_Rz,0.438782551,0.663206024,35.4379698,-7.714373016
YM3B_1_20_1_S,0.723525854,-0.619540728,38.28337618,-7.983169944
YM3B_1_20_2_Rt,0.744626108,-0.366847737,35.56239417,-6.858388705
YM3B_1_20_2_Rz,0.517811511,-0.552561863,37.51110878,-7.844308063
YM3B_1_20_2_S,0.680306475,-0.881367201,37.34239758,-7.581462359
YM3B_1_20_3_Rt,0.662014354,-0.586051295,31.14131485,-6.982372527
YM3B_1_20_3_Rz,0.451431267,-0.630703872,33.97693862,-7.421771195
YM3B_1_20_3_S,0.651143929,-0.996043137,36.36119194,-8.092275708
YM3B_2_1_1_Rt,0.883904639,-0.225251963,37.83547136,-5.861284941
YM3B_2_1_1_Rz,0.580582169,0.429723884,39.10525516,-7.11909392
YM3B_2_1_1_S,0.812286939,0.002828994,39.87062749,-7.268325494
YM3B_2_1_2_Rt,0.851732298,0.157237784,38.14133626,-6.189788211
YM3B_2_1_2_Rz,0.694268857,0.493303974,39.92107217,-6.17719074
YM3B_2_1_2_S,0.888427856,0.216781043,39.02936445,-7.963124444
YM3B_2_1_3_Rt,0.765482462,-0.123321978,35.33336955,-6.124862786
YM3B_2_1_3_Rz,0.432327729,-0.132404848,34.07672151,-6.509570154
YM3B_2_1_3_S,0.720129252,0.274305886,35.99556034,-7.150103078
YM3B_2_20_1_Rt,0.872926806,-0.465302252,38.66445975,-6.449046497
YM3B_2_20_1_Rz,0.617868814,-0.172224692,38.49815967,-7.059780993
YM3B_2_20_1_S,0.721295391,-0.249564604,38.890151,-7.420133983
YM3B_2_20_2_Rt,0.814786231,-0.808243703,33.34223746,-6.39700642
YM3B_2_20_2_Rz,0.521955798,-0.60471762,35.05811449,-6.97141105
YM3B_2_20_2_S,0.720058353,-0.934429875,36.68242022,-7.614547858
YM3B_2_20_3_Rt,0.873585247,-0.616929185,36.43341573,-6.691572897
YM3B_2_20_3_Rz,0.4655508,0.218545388,36.46456906,-7.181535137
YM3B_2_20_3_S,0.71193067,-0.829613942,36.47691901,-7.512431479
YM3B_3_1_1_Rt,0.814336212,0.516047899,38.63552445,-8.222462065
YM3B_3_1_1_Rz,0.850195161,0.519073324,35.99326808,-8.181016288
YM3B_3_1_1_S,0.946621632,1.555785614,38.4500877,-10.13686222
YM3B_3_1_2_Rt,0.907991611,0.745980197,38.77944943,-7.69748223
YM3B_3_1_2_Rz,0.586455453,1.019276919,37.43688531,-7.021521352
YM3B_3_1_2_S,0.917951515,1.685878888,39.1260093,-9.597080317
YM3B_3_1_3_Rt,0.911855567,0.636056423,38.55546286,-7.292892507
YM3B_3_1_3_Rz,0.653563916,0.188293528,34.65259958,-7.355061172
YM3B_3_1_3_S,0.917585805,0.771192072,40.38993984,-8.286604338
YM3B_3_20_1_Rt,1.058682895,-0.021047784,39.58402554,-6.321460863
YM3B_3_20_1_Rz,0.599113186,0.196223379,37.86789887,-6.896093668
YM3B_3_20_1_S,0.803888065,0.49621705,41.11582831,-6.914885446
YM3B_3_20_2_Rt,0.734980576,-0.006097934,38.91037903,-7.421274424
YM3B_3_20_2_Rz,0.500093589,0.755347796,37.12416145,-6.808069021
YM3B_3_20_2_Rz,0.486951113,0.849033527,37.11200913,-6.680482736
YM3B_3_20_2_Rz,0.496598949,0.749367856,37.42524399,-6.743781358
YM3B_3_20_2_S,0.790988261,0.527113409,40.3002706,-7.023679953
YM3B_3_20_3_Rt,0.831402584,0.195226723,38.68698307,-6.398606059
YM3B_3_20_3_Rz,0.526010098,0.225126424,39.80229649,-6.512345771
YM3B_3_20_3_S,0.926044253,0.289909111,40.88173724,-6.503444402
YM3C_1_1_1_Rt,0.872813558,0.918180388,35.38287977,-8.083546934
YM3C_1_1_1_Rz,0.616270601,1.159706306,36.83449705,-8.827430992
YM3C_1_1_1_S,0.894934255,1.08429315,37.94612376,-9.254201129
YM3C_1_1_2_Rt,0.787730955,1.329895456,34.64198318,-8.336447756
YM3C_1_1_2_Rz,0.644867045,1.107732375,36.59688627,-8.488583406
YM3C_1_1_2_S,0.836044439,0.966077933,35.47167241,-9.426094657
YM3C_1_1_2_S,0.837525734,0.823404395,35.5566679,-9.307547396
YM3C_1_1_2_S,0.857166868,0.794869687,35.4799227,-9.267043749
YM3C_1_1_3_Rt,0.827324054,0.539076414,36.60773663,-7.483895375
YM3C_1_1_3_Rz,0.625539447,2.29599913,34.86562924,-9.024021865
YM3C_1_1_3_S,0.88618428,1.287093394,37.21897335,-9.26210428
YM3C_1_20_1_Rt,0.90607496,0.120271283,35.30686132,-6.383282696
YM3C_1_20_1_Rz,0.541764444,0.466328754,35.17132512,-7.101396997
YM3C_1_20_1_S,0.762549417,0.65204288,39.34038191,-7.198600314
YM3C_1_20_2_Rt,0.948535502,-0.476449516,35.5260582,-6.334681038
YM3C_1_20_2_Rz,0.514326372,0.988966869,33.78258696,-6.434859966
YM3C_1_20_2_S,0.742006692,0.090841176,38.24834606,-6.930795257
YM3C_1_20_3_Rt,0.889170979,-0.214623043,35.04975503,-6.109526416
YM3C_1_20_3_Rz,0.563807025,0.5262038,37.01619977,-6.905006622
YM3C_1_20_3_S,0.743921864,0.422691008,37.94073139,-7.096437644
YM3C_2_1_1_Rt,0.799584423,0.680549598,34.90126968,-8.192880041
YM3C_2_1_1_Rz,0.506895097,1.460054498,37.06050924,-8.713280817
YM3C_2_1_1_S,0.765308895,0.877112066,35.86421106,-9.116419353
YM3C_2_1_2_Rt,0.78458808,0.186998845,34.46938856,-8.183061158
YM3C_2_1_2_Rz,0.380591447,0.397648342,34.12051549,-7.650877723
YM3C_2_1_2_S,0.748570801,0.391542559,34.52551665,-11.04624731
YM3C_2_1_3_Rt,0.764069919,0.095412108,33.09557399,-8.24982956
YM3C_2_1_3_Rz,0.460386838,0.703955097,35.52268783,-9.169858856
YM3C_2_1_3_S,0.93986682,0.737536901,36.73236188,-9.64116522
YM3C_2_20_1_Rt,0.853284863,-0.695286727,35.56428819,-6.544289658
YM3C_2_20_1_Rz,0.542456296,0.426141993,33.77243362,-6.830019141
YM3C_2_20_1_S,0.779101264,-0.722762748,38.29869688,-7.559562115
YM3C_2_20_2_Rt,0.82983695,-0.7278509,35.73332685,-6.68960912
YM3C_2_20_2_Rz,0.636651749,-0.869301528,37.37068523,-7.703899689
YM3C_2_20_2_S,0.709766867,-0.620999706,37.82795785,-7.59098254
YM3C_2_20_3_Rt,0.879646993,-0.321816363,35.21023336,-6.322382912
YM3C_2_20_3_Rz,0.703731723,-0.445967274,35.28893421,-7.139313942
YM3C_2_20_3_S,0.876121189,0.134082064,37.51701819,-7.361220688
YM3C_3_1_1_Rt,0.888015717,0.92851417,38.98109704,-7.031389394
YM3C_3_1_1_Rz,0.425011766,0.975912495,37.19377706,-7.719191922
YM3C_3_1_1_S,0.993806815,1.264336342,40.18225745,-8.754349529
YM3C_3_1_2_Rt,0.993107361,0.712700522,38.6521983,-6.667258644
YM3C_3_1_2_Rz,0.56679466,1.024319294,36.88414962,-6.989943618
YM3C_3_1_2_Rz,0.567745835,1.124158318,36.97823059,-7.021521352
YM3C_3_1_2_Rz,0.567760111,1.322827891,37.23686297,-7.236644668
YM3C_3_1_2_S,1.064017352,1.384344866,39.73895259,-7.566237271
YM3C_3_1_3_Rt,0.9807633,0.589666574,37.94085084,-6.756071022
YM3C_3_1_3_Rz,0.590701977,1.115082043,37.61350787,-6.545881727
YM3C_3_1_3_S,0.939778058,1.359132991,39.98671047,-8.590540032
YM3C_3_20_1_Rt,0.850477362,-0.435656978,37.05720239,-6.270030733
YM3C_3_20_1_Rz,0.528702006,-0.184499485,36.33811639,-6.495532074
YM3C_3_20_1_S,0.822427011,0.228116394,39.71014024,-7.241268967
YM3C_3_20_2_Rt,0.873407935,-0.121710112,35.93818245,-6.351132092
YM3C_3_20_2_Rz,0.520510076,0.086591141,34.91372966,-7.028625158
YM3C_3_20_2_S,0.717113095,-0.852259484,38.50748896,-6.945545717
YM3C_3_20_3_Rt,0.812305899,0.023801768,37.75902043,-6.270030733
YM3C_3_20_3_Rz,0.489177036,0.389574782,38.36149537,-6.976205987
YM3C_3_20_3_S,0.924736024,1.093214422,39.65745818,-6.983129273
YM3D_1_1_1_Rt,0.772318404,0.651177052,35.42261673,-7.583672653
YM3D_1_1_1_Rz,0.497658584,0.145705087,35.8968751,-8.452031334
YM3D_1_1_1_S,0.897358036,0.412708423,36.40331198,-9.196903287
YM3D_1_1_2_Rt,0.794118972,0.003031549,36.37790707,-7.855343457
YM3D_1_1_2_Rz,0.501249269,0.776525946,36.34662075,-8.83730993
YM3D_1_1_2_S,0.950767728,-0.947785675,36.35489323,-8.667392191
YM3D_1_1_3_Rt,0.826474065,0.719456531,33.35427283,-7.784215101
YM3D_1_1_3_Rz,0.697699227,0.462644162,36.66254815,-8.87583779
YM3D_1_1_3_S,0.913087331,0.958944256,37.06872648,-9.116883886
YM3D_1_20_1_Rt,1.013746962,-0.740305652,36.67413361,-6.008355616
YM3D_1_20_1_Rz,0.534444581,0.018788154,34.45386366,-6.410063202
YM3D_1_20_1_S,0.701394132,-0.732187001,38.71192185,-5.94685964
YM3D_1_20_2_Rt,0.946789112,-0.220712031,36.69762418,-6.050014181
YM3D_1_20_2_Rz,0.61713811,0.296851928,34.92652485,-6.32178672
YM3D_1_20_2_S,0.644863065,-0.690578918,38.64202078,-6.557851918
YM3D_1_20_3_Rt,0.953661915,-0.373951556,35.93770661,-6.077786557
YM3D_1_20_3_Rz,0.533836383,-0.661148811,35.09503483,-6.266241967
YM3D_1_20_3_S,0.729138005,-0.161851816,38.00362847,-6.775071576
YM3D_2_1_1_Rt,0.969891049,0.052490365,37.19523955,-7.786182244
YM3D_2_1_1_Rz,0.75391816,0.128993912,39.11040604,-8.796741319
YM3D_2_1_1_Rz,0.769032051,0.289218235,39.32296195,-7.494927947
YM3D_2_1_1_S,1.076422283,0.702488922,38.03008832,-9.636275981
YM3D_2_1_2_Rt,0.869389712,0.396548243,34.71055765,-9.018932987
YM3D_2_1_2_Rz,0.484784466,0.540992367,34.12716921,-8.933782229
YM3D_2_1_2_S,0.947374269,0.952256885,36.73522893,-10.25748946
YM3D_2_1_3_Rt,0.86287016,-0.129067873,35.2514168,-7.988415293
YM3D_2_1_3_Rz,0.54725086,0.080576723,34.61696588,-8.772189314
YM3D_2_1_3_S,1.0323979,0.415606843,35.12721493,-9.477585932
YM3D_2_20_1_Rt,0.844147336,-1.093031782,35.58059222,-6.425705364
YM3D_2_20_1_Rz,0.488654123,-0.022740949,36.4962067,-7.096267581
YM3D_2_20_1_S,0.690246845,-1.139173655,36.28296584,-7.59943115
YM3D_2_20_2_Rt,0.755190933,-0.517261456,35.55505857,-6.618262191
YM3D_2_20_2_Rz,0.478055628,0.711516679,37.93921116,-6.722765394
YM3D_2_20_2_S,0.730196829,-0.435008552,37.3930644,-7.331399787
YM3D_2_20_3_Rt,0.862775207,0.188909815,35.13258201,-5.51130234
YM3D_2_20_3_Rz,0.503068944,0.641300786,34.73012045,-5.617740787
YM3D_2_20_3_S,0.718566383,0.297242908,36.92098861,-5.945764729
YM3D_3_1_1_Rt,1.04936394,0.583615724,39.58394822,-7.694521817
YM3D_3_1_1_Rz,0.683552878,0.961793845,37.63058845,-8.324102898
YM3D_3_1_1_S,1.0971114,1.629404288,40.20251072,-9.638526093
YM3D_3_1_2_Rt,0.912381533,0.408141075,38.24228669,-7.377757669
YM3D_3_1_2_Rz,0.537594239,0.811531071,37.11352449,-7.702416251
YM3D_3_1_2_S,1.090239311,1.062641344,40.36730078,-10.34310429
YM3D_3_1_3_Rt,0.879298219,-0.106181169,39.23971202,-7.670838516
YM3D_3_1_3_Rz,0.542631401,0.557395374,39.33526708,-7.82675358
YM3D_3_1_3_S,0.942936494,0.249810502,40.4651641,-9.468795771
YM3D_3_20_1_Rt,0.866644951,0.218149827,38.69281033,-5.790345861
YM3D_3_20_1_Rz,0.511277455,0.529106722,39.76837975,-6.571688229
YM3D_3_20_1_S,0.79218427,0.511166901,38.57733738,-6.810047103
YM3D_3_20_2_Rt,0.891224119,-0.042974232,37.88930603,-5.930789679
YM3D_3_20_2_Rz,0.526794964,0.331768693,37.35724749,-6.844663537
YM3D_3_20_2_S,0.786912108,0.142403917,39.40396291,-6.893126545
YM3D_3_20_3_Rt,0.901303799,-0.116726829,38.65196332,-5.895184204
YM3D_3_20_3_Rz,0.701199335,-0.258252082,36.01508671,-6.733890949
YM3D_3_20_3_S,0.776892698,-0.770533634,38.28430992,-7.160167607
YM4A_1_1_1_Rt,0.893080562,0.607355894,33.91148108,-6.367575341
YM4A_1_1_1_Rz,0.583046033,1.082254957,32.87495482,-6.837812806
YM4A_1_1_1_S,0.825415224,0.576782992,37.29893414,-8.119111112
YM4A_1_1_2_Rt,1.007775083,0.545190995,32.94648149,-6.088001385
YM4A_1_1_2_Rz,0.698652397,1.477664478,34.42141174,-6.954384279
YM4A_1_1_2_S,0.941559094,1.517409249,37.08564917,-7.324844468
YM4A_1_1_3_Rt_1,0.762364838,0.362350103,32.74138489,-6.468721954
YM4A_1_1_3_Rz_1,0.513322637,0.798684414,33.93188175,-7.030840432
YM4A_1_1_3_S_1,0.681439629,0.253266525,35.23016685,-7.280016861
YM4A_1_20_1_Rt,0.746034668,-0.248112475,34.80352686,-6.635217824
YM4A_1_20_1_Rz,0.623900353,-0.588080958,36.62961102,-7.290844278
YM4A_1_20_1_S,0.703019627,-0.426722783,35.29783472,-7.875056051
YM4A_1_20_1_S,0.697974058,-0.48761266,35.14605002,-7.826454392
YM4A_1_20_1_S,0.693091215,0.001536022,35.6713666,-7.806616981
YM4A_1_20_2_Rt,0.73845532,-0.059353855,35.25105732,-6.549916954
YM4A_1_20_2_Rz,0.617665112,-0.231875175,36.83864499,-7.104372609
YM4A_1_20_2_S,0.674414735,-0.905723152,37.25845062,-7.315641043
YM4A_1_20_3_Rt_1,1.009805638,-0.400224908,34.30619747,-6.182267163
YM4A_1_20_3_Rz_1,0.675854069,-0.045703281,34.06564016,-6.664923866
YM4A_1_20_3_S_1,0.769891607,2.421807649,34.49165935,-7.40246408
YM4A_2_1_1_Rt,0.792058726,0.259250605,35.73180191,-6.471629927
YM4A_2_1_1_Rz,0.481012743,0.378313364,34.85439236,-7.194299684
YM4A_2_1_1_S,0.802026472,-0.180365735,37.01116831,-7.707827242
YM4A_2_1_2_Rt,0.791309495,0.228721692,33.06221357,-6.215357092
YM4A_2_1_2_Rz,0.576766107,0.351854973,34.00216125,-6.943918179
YM4A_2_1_2_S,0.826835515,0.738554532,37.24159912,-7.314090051
YM4A_2_1_3_Rt,0.989561114,0.10151789,35.18963087,-6.249723181
YM4A_2_1_3_Rz,0.594121864,0.627632816,34.06101039,-7.513413367
YM4A_2_1_3_S,0.738233151,0.122888129,36.10943263,-7.24143032
YM4A_2_1_3_S,0.718821863,-0.137625258,36.46961906,-7.190372131
YM4A_2_1_3_S,0.762299643,-0.009403825,35.86802652,-7.275796409
YM4A_2_20_1_Rt,0.776813779,-0.097972264,34.42101943,-6.884358309
YM4A_2_20_1_Rz,0.469024648,0.069542797,34.90222195,-7.144648694
YM4A_2_20_1_S,0.743012753,-0.200286851,38.58273752,-7.039177869
YM4A_2_20_2_Rt,0.912304659,0.306061604,33.98587276,-6.373441101
YM4A_2_20_2_Rt,0.906728699,0.097629154,33.63815192,-6.424737742
YM4A_2_20_2_Rz,0.536085304,1.34345972,36.94563615,-7.055627447
YM4A_2_20_2_S,0.826478514,2.005495287,37.55925223,-7.175612605
YM4A_2_20_3_Rt,0.780190081,-0.169191241,35.43464987,-6.599877368
YM4A_2_20_3_Rz,0.456803941,0.526949188,34.11718717,-6.954994733
YM4A_2_20_3_S,0.764295148,0.141764858,37.48749091,-7.619751217
YM4A_3_1_1_Rt,1.094163386,0.536217399,39.48701328,-6.359375733
YM4A_3_1_1_Rz,0.534938729,0.93658197,38.50003505,-6.944550624
YM4A_3_1_1_S,0.905193485,1.272404142,40.95536467,-7.253420339
YM4A_3_1_2_Rt,0.879368045,0.580590299,38.89882763,-6.239972425
YM4A_3_1_2_Rz,0.538667643,0.99507352,41.49604606,-6.638641322
YM4A_3_1_2_S,0.750213751,0.402090226,41.08522893,-7.311641787
YM4A_3_1_3_Rt,1.018698097,0.325446126,37.65615564,-6.241946033
YM4A_3_1_3_Rz,0.548589613,0.844810746,36.72467311,-6.574499049
YM4A_3_1_3_S,1.0063377,1.193743093,39.47242133,-7.581039334
YM4A_3_20_1_Rt,0.840011961,0.396551379,37.27845835,-6.073211579
YM4A_3_20_1_Rz,0.518486637,0.402531319,36.86583186,-6.785321079
YM4A_3_20_1_S,0.735132066,0.081607857,38.60347551,-7.270940196
YM4A_3_20_2_Rt,0.761776737,0.253032812,38.01328692,-6.885214217
YM4A_3_20_2_Rz,0.601707514,0.913816214,37.11773346,-7.104781313
YM4A_3_20_2_S,0.807231013,0.076624574,39.03294849,-7.504353866
YM4A_3_20_3_Rt,0.777647784,-0.253268799,39.24706903,-6.594436171
YM4A_3_20_3_Rz,0.46006417,0.112504215,36.97515165,-7.012800503
YM4A_3_20_3_S,0.793062846,-0.573195604,40.88225607,-7.311490876
YM4B_1_1_1_Rt,0.795019606,0.681749953,35.27767046,-6.814103354
YM4B_1_1_1_Rz,0.651436713,1.179069144,37.16219219,-7.323856574
YM4B_1_1_1_S,0.926911427,1.499065509,37.48919983,-7.345590238
YM4B_1_1_2_Rt,0.797577272,0.172201601,33.19308753,-7.013657909
YM4B_1_1_2_Rz,0.574846116,1.367602034,34.98657719,-7.043294724
YM4B_1_1_2_S,0.880088693,0.770411366,36.59497114,-8.412515581
YM4B_1_1_3_Rt_1,1.565496916,-0.526479049,38.94657051,-7.782293756
YM4B_1_1_3_Rz_1,0.742067741,-0.346693153,37.85677262,-7.738682809
YM4B_1_1_3_S_1,0.93187826,-0.658793389,40.51929473,-7.779350727
YM4B_1_20_1_Rt,0.764706648,0.391231238,35.65924311,-6.516193354
YM4B_1_20_1_Rz,0.593290678,0.022847479,37.93216704,-7.009153033
YM4B_1_20_1_S,0.715173265,-0.806269686,38.00177039,-7.675690064
YM4B_1_20_2_Rt,0.799476395,-0.081680144,35.77758245,-6.375347731
YM4B_1_20_2_Rz,0.44761587,0.555633907,34.99706649,-6.828632587
YM4B_1_20_2_S,0.864796774,0.336430348,39.22978238,-7.473348465
YM4B_1_20_3_Rt_1,0.768793833,-0.268920602,35.49952121,-6.582519063
YM4B_1_20_3_Rz_1,0.543746645,0.03206927,35.93087787,-6.953340677
YM4B_1_20_3_S_1,0.618785382,-0.049743413,38.22488853,-7.682809726
YM4B_2_1_1_Rt,0.872236265,0.164974862,35.00974774,-6.958818098
YM4B_2_1_1_Rt,0.878362218,0.180017487,35.46691469,-6.081679044
YM4B_2_1_1_Rt,0.880923858,-0.099775323,35.44674088,-6.875557658
YM4B_2_1_1_Rt,0.88426775,-0.197050959,35.54488958,-7.198917971
YM4B_2_1_1_Rt,0.882349159,0.167983387,35.4712496,-7.059505142
YM4B_2_1_1_Rt,0.870493709,0.006525888,35.02883922,-6.810691966
YM4B_2_1_1_Rt,0.881568634,0.194057269,35.26536652,-5.698293762
YM4B_2_1_1_Rt,0.885818506,-0.164960027,35.56211905,-6.957849953
YM4B_2_1_1_Rt,0.87417758,-0.09175259,35.20229374,-6.834895582
YM4B_2_1_1_Rt,0.878108765,0.149932238,35.20540118,-6.028431088
YM4B_2_1_1_Rz,0.644420605,0.3755716,37.68999894,-7.080804324
YM4B_2_1_1_Rz,0.637992748,0.170991912,37.66968895,-6.935582626
YM4B_2_1_1_Rz,0.643957569,0.24419935,37.72125655,-7.098230928
YM4B_2_1_1_Rz,0.632167519,-0.056653133,37.1107391,-7.05079184
YM4B_2_1_1_Rz,0.643417635,0.099790158,37.70827468,-6.700323476
YM4B_2_1_1_Rz,0.64028596,0.390614225,37.72780639,-6.201728981
YM4B_2_1_1_Rz,0.645084604,0.104804366,37.62852383,-6.506694546
YM4B_2_1_1_Rz,0.645444812,0.399639799,37.68329786,-6.080710899
YM4B_2_1_1_Rz,0.638620635,-0.081724174,37.76462941,-7.065314009
YM4B_2_1_1_Rz,0.627794614,0.247207874,37.25834859,-6.738081117
YM4B_2_1_1_S,0.790708443,0.422705156,36.51862705,-8.403289917
YM4B_2_1_1_S,0.787372327,0.43774778,36.36706213,-8.066375579
YM4B_2_1_1_S,0.790596293,0.180017487,36.41004232,-8.345201238
YM4B_2_1_1_S,0.778981992,0.122855515,36.38779574,-8.548511615
YM4B_2_1_1_S,0.787823421,0.32542952,36.11200103,-8.594982558
YM4B_2_1_1_S,0.786651095,0.411673898,36.48690854,-8.024745359
YM4B_2_1_1_S,0.817999319,0.396631274,36.17763579,-7.897918409
YM4B_2_1_1_S,0.810693588,0.673415558,36.33461718,-8.504945105
YM4B_2_1_1_S,0.797944959,0.209099893,36.43798708,-8.492359225
YM4B_2_1_2_Rt,0.845761772,0.099790158,37.50227663,-6.511535269
YM4B_2_1_2_Rt,0.849507644,-0.194042434,37.4271801,-6.608349734
YM4B_2_1_2_Rt,0.849213177,-0.106795214,37.32569341,-6.456351024
YM4B_2_1_2_Rt,0.846661286,-0.103786689,37.41632066,-6.702259765
YM4B_2_1_2_Rt,0.847983125,-0.088744065,37.31541449,-6.684833162
YM4B_2_1_2_Rt,0.840820143,-0.218110632,37.21841015,-6.887175394
YM4B_2_1_2_Rt,0.847783005,0.092770267,37.31732563,-6.346950678
YM4B_2_1_2_Rt,0.853486882,-0.096766798,37.32467944,-6.459255458
YM4B_2_1_2_Rt,0.845954064,-0.041610509,37.33710277,-6.485395363
YM4B_2_1_2_Rt,0.809724095,0.043631028,35.8608503,-5.989705302
YM4B_2_1_2_Rz,0.481012252,1.068535153,38.87433039,-6.769061746
YM4B_2_1_2_Rz,0.469555341,0.55608309,38.58447946,-6.863939922
YM4B_2_1_2_Rz,0.467105005,0.579148447,39.01895549,-6.166875773
YM4B_2_1_2_Rz,0.47588377,0.563102981,39.18436446,-6.145576591
YM4B_2_1_2_Rz,0.47374755,0.563102981,39.19294015,-6.025526654
YM4B_2_1_2_Rz,0.484813206,0.41267674,39.34439351,-6.467000615
YM4B_2_1_2_Rz,0.476043852,0.64333031,39.23096586,-6.816500834
YM4B_2_1_2_Rz,0.468455339,0.501929643,39.15700333,-5.973246843
YM4B_2_1_2_Rz,0.466956987,0.322420995,39.22823674,-6.732272249
YM4B_2_1_2_Rz,0.469600336,0.386602858,39.04512194,-6.351791402
YM4B_2_1_2_S,0.821145742,0.118844148,36.83795737,-7.451603725
YM4B_2_1_2_S,0.839748695,0.11984699,37.78318212,-7.352852971
YM4B_2_1_2_S,0.821613964,-0.044619034,36.92098282,-7.762378158
YM4B_2_1_2_S,0.829821724,0.24419935,37.56157388,-7.24442077
YM4B_2_1_2_S,0.836639313,-0.064675866,37.71200925,-7.945357497
YM4B_2_1_2_S,0.837039135,0.013545779,37.71892675,-7.561972215
YM4B_2_1_2_S,0.83095257,0.149932238,37.72304724,-7.184395801
YM4B_2_1_2_S,0.83151512,0.028588404,37.68577143,-6.665470269
YM4B_2_1_2_S,0.835004435,0.028588404,37.8241572,-7.114689387
YM4B_2_1_2_S,0.839011678,0.074719118,37.93110396,-6.977212846
YM4B_2_1_3_Rt,0.748611935,0.163972021,34.31085396,-7.353821115
YM4B_2_1_3_Rt,0.746132784,0.185031695,34.25280941,-7.30057316
YM4B_2_1_3_Rt,0.747658137,0.280301647,34.38347076,-7.360598128
YM4B_2_1_3_Rt,0.748285397,0.2381823,34.31517915,-7.098230928
YM4B_2_1_3_Rt,0.748788444,0.206091368,34.38033752,-7.304445738
YM4B_2_1_3_Rt,0.738818362,0.316403945,34.01007223,-6.24529549
YM4B_2_1_3_Rt,0.739523818,0.17600612,34.18875579,-7.030460802
YM4B_2_1_3_Rt,0.74717569,0.2381823,34.23665044,-6.623840049
YM4B_2_1_3_Rt,0.723265109,0.105807207,33.2316189,-7.168905487
YM4B_2_1_3_Rt,0.745521904,0.234170933,34.2827963,-6.631585206
YM4B_2_1_3_Rz,0.59245055,0.732583213,37.66938368,-5.658599832
YM4B_2_1_3_Rz,0.598867901,0.258239132,37.63009149,-7.124370833
YM4B_2_1_3_Rz,0.597308246,0.684446816,37.57182117,-7.037237815
YM4B_2_1_3_Rz,0.587562851,0.660378617,37.55805201,-5.963565397
YM4B_2_1_3_Rz,0.592065888,0.260244815,37.71508797,-7.443858568
YM4B_2_1_3_Rz,0.586516901,0.419696631,37.63610047,-7.199886116
YM4B_2_1_3_Rz,0.568725451,0.846907157,36.85123299,-6.962690676
YM4B_2_1_3_Rz,0.603167124,0.494909752,37.81660651,-7.071122877
YM4B_2_1_3_Rz,0.612290892,0.480869969,37.80386775,-6.877493947
YM4B_2_1_3_Rz,0.586575782,0.441759147,37.5016705,-6.785520205
YM4B_2_1_3_S,0.851261008,0.400642641,37.87394081,-8.664688973
YM4B_2_1_3_S,0.835036295,0.55006604,37.65131411,-8.095419918
YM4B_2_1_3_S,0.854250082,0.585165497,37.92826611,-8.071216302
YM4B_2_1_3_S,0.85519217,0.333452253,36.26539083,-8.711159916
YM4B_2_1_3_S,0.854928615,0.392619908,37.84103253,-8.749885702
YM4B_2_1_3_S,0.852592433,0.631296211,37.8747751,-7.172778066
YM4B_2_1_3_S,0.857855752,0.553074565,37.88836106,-7.445794857
YM4B_2_1_3_S,0.851014032,0.435742097,37.91030522,-7.725588661
YM4B_2_1_3_S,0.843332268,0.386602858,37.76610775,-8.269685955
YM4B_2_1_3_S,0.85341607,0.365543184,37.83154758,-8.22902388
YM4B_2_20_1_Rt,0.819377354,0.250097951,34.77657276,-6.101551911
YM4B_2_20_1_Rz,0.498177013,0.905111928,34.48016175,-6.586330657
YM4B_2_20_1_S,0.90944287,-0.341721722,39.13309805,-6.851459153
YM4B_2_20_2_Rt,1.021795175,0.29523674,31.60426396,-6.120904356
YM4B_2_20_2_Rz,0.739501113,0.864988561,33.22080783,-6.259274337
YM4B_2_20_2_S,0.854401219,0.880034824,36.42188441,-6.468280743
YM4B_2_20_3_Rt,0.89702812,-0.22636704,36.77956223,-6.340554606
YM4B_2_20_3_Rz,0.664207366,0.07756747,37.29166282,-6.272821049
YM4B_2_20_3_S,0.843702471,0.030422513,38.81617978,-7.142713449
YM4B_3_1_1_Rt,0.907899646,0.623954723,38.95030094,-6.81429247
YM4B_3_1_1_Rz,0.604006872,1.538641539,38.25033545,-6.800477211
YM4B_3_1_1_S,1.051106889,1.042471844,40.71817139,-7.711297489
YM4B_3_1_2_Rt,0.85776559,0.211488452,38.11645569,-6.612984413
YM4B_3_1_2_Rz,0.687462021,0.048115504,36.34301474,-6.722519679
YM4B_3_1_2_S,0.916129265,0.4595733,40.87206299,-7.330391067
YM4B_3_1_3_Rt,0.859687405,0.49789535,39.28491397,-7.184344045
YM4B_3_1_3_Rz,0.580558056,0.569497074,36.3259962,-7.232697451
YM4B_3_1_3_S,0.902547883,0.99709047,39.80313696,-8.662576739
YM4B_3_20_1_Rt,0.784753615,-0.084833814,37.38031798,-8.397457863
YM4B_3_20_1_Rz,0.584163738,0.163333708,34.09569242,-8.986926283
YM4B_3_20_1_S,0.727646058,0.174296932,38.89505384,-8.884066022
YM4B_3_20_2_Rt,0.940083238,0.116129662,36.99459303,-7.924682095
YM4B_3_20_2_Rz,0.55705535,0.198216693,35.80465063,-7.897003132
YM4B_3_20_2_S,0.72212389,0.200210006,38.09247509,-8.186792136
YM4B_3_20_3_Rt,1.052357947,-0.377471242,37.09284214,-7.74339872
YM4B_3_20_3_Rz,0.582915565,-0.078138967,35.70586128,-8.048193844
YM4B_3_20_3_S,0.624017814,0.349053784,38.00229223,-7.895796282
YM4C_1_1_1_Rt_1,0.636705688,0.828609724,32.45201986,-8.978769943
YM4C_1_1_1_Rz_1,0.537142095,0.858923687,35.4850626,-9.251097913
YM4C_1_1_1_S_1,0.748579537,1.295444764,32.10760477,-10.37804057
YM4C_1_1_2_Rt,0.723940587,0.696017307,32.4564221,-9.182084879
YM4C_1_1_2_Rz,0.535504932,1.432824223,33.53567782,-9.716535444
YM4C_1_1_2_S,0.910527271,0.786716913,36.20947481,-11.12922363
YM4C_1_1_3_Rt_1,0.656228174,0.727982095,33.8435645,-8.88887254
YM4C_1_1_3_Rz_1,0.56170142,0.870396766,35.33674672,-9.921875607
YM4C_1_1_3_S_1,0.82090012,1.220878261,34.31731281,-10.69687316
YM4C_1_20_1_Rt,1.157611779,-0.096902613,37.96059117,-6.445770543
YM4C_1_20_1_Rz,0.754790754,-0.217667537,34.1215508,-6.709608117
YM4C_1_20_1_S,0.867826447,0.235962051,39.74566966,-7.666763229
YM4C_1_20_2_Rt,0.918898158,-0.113139914,38.39346351,-6.579673071
YM4C_1_20_2_Rz,0.511574074,0.971714737,34.8868697,-6.753250423
YM4C_1_20_2_S,0.76695981,-0.017745772,38.11676716,-7.067673397
YM4C_1_20_3_Rt_1,0.98751261,-0.280214075,39.96662968,-6.179471513
YM4C_1_20_3_Rz_1,0.664882352,0.486293316,35.89546257,-6.81329617
YM4C_1_20_3_Rz_1,0.688668537,-0.106070823,36.4609003,-6.518905662
YM4C_1_20_3_Rz_1,0.713103036,0.05560365,36.11557962,-6.823912989
YM4C_1_20_3_S_1,0.715807813,-0.702224813,37.03526198,-6.890556065
YM4C_2_1_1_Rt,0.831650074,0.529635454,33.87040426,-8.43019989
YM4C_2_1_1_Rz,0.607171268,0.675970582,35.21565978,-8.374964827
YM4C_2_1_1_S,1.000926034,1.381406818,37.40212255,-8.697653879
YM4C_2_1_2_Rt,0.806512004,0.802121554,37.35186908,-7.915641671
YM4C_2_1_2_Rz,0.490569628,0.947447474,38.61348146,-7.885601549
YM4C_2_1_2_S,0.932824653,1.182592886,39.0105956,-9.462223436
YM4C_2_1_3_Rt,0.799117013,0.535690701,36.1685919,-7.895291911
YM4C_2_1_3_Rz,0.664407645,1.179565263,37.8372352,-8.365274465
YM4C_2_1_3_S,0.81656953,1.21690595,37.27439755,-10.12892034
YM4C_2_20_1_Rt,0.967374911,0.364449549,36.60381923,-6.005757308
YM4C_2_20_1_Rz,0.51735762,0.498862831,36.99190896,-7.066271292
YM4C_2_20_1_S,0.856010113,0.679417985,38.71727941,-7.225928962
YM4C_2_20_2_Rt,0.782635421,0.632273028,34.54228105,-6.534079055
YM4C_2_20_2_Rz,0.480344823,0.752643131,33.99384917,-7.191094561
YM4C_2_20_2_S,0.778644473,0.04647186,37.097529,-7.164968761
YM4C_2_20_3_Rt,0.830818749,0.131734016,35.48490964,-6.587298279
YM4C_2_20_3_Rz,0.491189867,0.094619901,36.75800722,-6.405385297
YM4C_2_20_3_S,0.712566178,0.204959162,37.01758414,-7.273342452
YM4C_3_1_1_Rt,0.929586056,1.091887119,38.32955042,-7.251446731
YM4C_3_1_1_Rz,0.552256235,1.648565313,37.62103252,-7.98168184
YM4C_3_1_1_S,1.028472102,1.810929786,40.31234502,-9.158939252
YM4C_3_1_2_Rt,0.874334161,0.47369195,39.4308296,-7.861291727
YM4C_3_1_2_Rz,0.559278375,1.012217594,38.68136754,-7.933328434
YM4C_3_1_2_S,0.868395261,1.390395716,39.6833927,-9.704641975
YM4C_3_1_3_Rt,0.945981491,0.726455265,38.40153163,-7.739893399
YM4C_3_1_3_Rz,0.563700051,1.295599067,40.30108918,-8.555015081
YM4C_3_1_3_S,0.9708635,1.738319587,40.22071353,-9.216173895
YM4C_3_20_1_Rt,0.946148846,0.417444271,36.79651774,-5.863828789
YM4C_3_20_1_Rz,0.591569735,1.990425466,35.37297807,-6.028179101
YM4C_3_20_1_S,0.814827144,1.069631811,38.6048419,-7.056115598
YM4C_3_20_2_Rt,0.880728945,0.739573375,36.13990649,-5.869805164
YM4C_3_20_2_Rz,0.778384944,1.348149591,36.53954487,-7.04117466
YM4C_3_20_2_S,0.726896886,1.138022298,39.07720786,-6.895749536
YM4C_3_20_3_Rt,1.020746517,0.687041552,38.26842861,-6.098899538
YM4C_3_20_3_Rz,0.626620377,1.225244948,35.9376009,-6.994359723
YM4C_3_20_3_S,0.90086137,1.683163859,39.7300046,-7.16867066
YM4D_1_1_1_Rt_1,0.872164332,-0.728517544,36.65295325,-7.759730921
YM4D_1_1_1_Rz_1,0.732631267,-0.493079092,36.25357879,-8.350930187
YM4D_1_1_1_S_1,0.860937663,1.26310987,33.154183,-9.502629928
YM4D_1_1_2_Rt,0.999164447,0.714361047,37.63572849,-7.785202995
YM4D_1_1_2_Rz,0.808100934,0.232328307,38.05706154,-8.797794177
YM4D_1_1_2_S,1.110094195,1.753839684,38.61947007,-9.206782225
YM4D_1_1_3_Rt,0.854613053,0.789774203,35.44563637,-7.536253748
YM4D_1_1_3_Rz,0.582833884,1.115885148,35.1662055,-7.888931848
YM4D_1_1_3_S,0.855409241,0.634871504,35.23809084,-8.825455204
YM4D_1_20_1_Rt_1,0.813228053,-0.479549078,33.3641465,-6.646406037
YM4D_1_20_1_Rz_1,0.538030118,-1.328252846,34.92713427,-7.381840341
YM4D_1_20_1_S_1,0.688030184,-1.842415292,36.76610949,-7.584109322
YM4D_1_20_2_Rt,0.835466178,-0.21259338,37.40597196,-6.544957601
YM4D_1_20_2_Rz,0.552599215,0.109108139,37.0580334,-6.954600151
YM4D_1_20_2_S,0.721236092,-0.119228901,38.47322882,-7.297787372
YM4D_1_20_3_Rt,0.861962855,-0.033983073,37.03350754,-6.221607791
YM4D_1_20_3_Rz,0.522801262,0.126360271,36.48054023,-6.6292666
YM4D_1_20_3_S,0.816458936,-0.939212585,36.82808939,-7.238275137
YM4D_2_1_1_Rt,1.004799706,1.420366911,34.51178958,-8.770230336
YM4D_2_1_1_Rz,1.110186731,2.989553015,37.33214921,-9.689277744
YM4D_2_1_1_S,0.599671016,2.060456444,38.35972722,-9.614654237
YM4D_2_1_2_Rt,0.915484868,0.3192908,36.14536609,-8.340163279
YM4D_2_1_2_Rz,0.64443228,0.582857078,34.74580311,-7.771649979
YM4D_2_1_2_S,1.060804236,1.316568609,37.4722314,-9.59599836
YM4D_2_1_3_Rt,0.88338206,1.44071952,35.78253402,-8.838962514
YM4D_2_1_3_Rz,0.622828216,2.079791422,35.59382903,-9.464425333
YM4D_2_1_3_S,1.192905495,2.826732149,36.70324255,-11.54308277
YM4D_2_20_1_Rt,0.774918565,-0.066876654,34.84475833,-6.387968096
YM4D_2_20_1_Rz,0.551175348,0.489835073,36.03676178,-7.03530738
YM4D_2_20_1_S,0.782462371,0.368461886,36.76188411,-6.742117839
YM4D_2_20_2_Rt,0.837695231,-0.447045562,33.69595935,-6.183799802
YM4D_2_20_2_Rz,0.539643883,0.471779557,34.39779808,-6.514726611
YM4D_2_20_2_S,0.771753696,-0.473125751,37.15602156,-6.707283438
YM4D_2_20_3_Rt,0.76711309,0.415606843,33.05014717,-6.539884789
YM4D_2_20_3_Rz,0.73286184,0.166841963,35.66133094,-7.377845655
YM4D_2_20_3_S,0.513826308,0.845929961,36.84329205,-6.89790502
YM4D_3_1_1_Rt,0.866419506,0.673354776,38.39214686,-8.387196428
YM4D_3_1_1_Rt,0.863455457,0.767533002,38.32556187,-8.593568311
YM4D_3_1_1_Rt,0.871069589,0.924830677,38.34254759,-8.591554927
YM4D_3_1_1_Rz,0.506648073,1.488898136,39.76221599,-9.149262358
YM4D_3_1_1_S,0.983031272,1.837557951,40.11555669,-10.35225943
YM4D_3_1_2_Rt,0.942202179,1.109179545,38.33889322,-7.607010039
YM4D_3_1_2_Rz,0.52837778,1.520958809,35.65520187,-8.218072153
YM4D_3_1_2_S,0.93560829,1.79748211,38.93956491,-9.175436353
YM4D_3_1_3_Rt,1.033138392,1.795478318,38.53765706,-9.048593146
YM4D_3_1_3_Rz,0.719980855,2.26837324,37.41792358,-8.853294876
YM4D_3_1_3_S,1.050030595,2.47476382,40.249791,-10.74184928
YM4D_3_20_1_Rt,0.919066163,0.402576774,37.70037119,-6.290143538
YM4D_3_20_1_Rz,0.525574572,1.111260803,35.74797645,-6.765265349
YM4D_3_20_1_S,0.811869819,0.4402411,38.50982796,-6.974438473
YM4D_3_20_2_Rt,0.996847943,0.447179265,36.64727755,-5.892714602
YM4D_3_20_2_Rz,0.640930419,0.945736002,35.51817755,-6.630796912
YM4D_3_20_2_S,0.780793144,0.216237476,38.4429233,-6.918658973
YM4D_3_20_3_Rt,0.767206137,0.750476206,36.99722051,-6.769249599
YM4D_3_20_3_Rz,0.475041014,2.286784242,37.47042306,-7.187595847
YM4D_3_20_3_S,0.791001486,0.829769524,38.63997128,-7.670686158