Reef,Transect,Distance,Core,Contents,P,SampleID
YM1A,1,1,1,S,0.120193244,YM1A_1_1_1_S
YM1A,1,1,1,Rz,0.040142426,YM1A_1_1_1_Rz
YM1A,1,1,1,Rt,0.02321827,YM1A_1_1_1_Rt
YM1A,1,1,2,Rz,0.065709477,YM1A_1_1_2_Rz
YM1A,1,1,2,S,0.071250885,YM1A_1_1_2_S
YM1A,1,1,2,Rt,0.027666659,YM1A_1_1_2_Rt
YM1A,1,1,3,S,0.102209711,YM1A_1_1_3_S
YM1A,1,1,3,Rz,0.111260961,YM1A_1_1_3_Rz
YM1A,1,1,3,Rt,0.034653565,YM1A_1_1_3_Rt
YM1B,1,1,1,S,0.076827383,YM1B_1_1_1_S
YM1B,1,1,1,Rz,0.108737035,YM1B_1_1_1_Rz
YM1A,1,1,2,Rz,0.067215599,YM1A_1_1_2_Rz
YM1B,1,1,1,Rt,0.035635014,YM1B_1_1_1_Rt
YM1B,1,1,3,S,0.088386313,YM1B_1_1_3_S
YM1B,1,1,3,Rz,0.089953765,YM1B_1_1_3_Rz
YM1B,1,1,3,Rt,0.026095561,YM1B_1_1_3_Rt
YM1C,1,1,1,S,0.137249223,YM1C_1_1_1_S
YM1C,1,1,1,Rz,0.261395476,YM1C_1_1_1_Rz
YM1C,1,1,1,Rt,0.048103059,YM1C_1_1_1_Rt
YM1C,1,1,3,S,0.160542836,YM1C_1_1_3_S
YM1C,1,1,3,Rz,0.238156687,YM1C_1_1_3_Rz
YM1C,1,1,3,Rt,0.078049495,YM1C_1_1_3_Rt
YM1D,1,1,1,S,0.102535033,YM1D_1_1_1_S
YM1D,1,1,1,Rz,0.117303187,YM1D_1_1_1_Rz
YM1D,1,1,1,Rt,0.037388616,YM1D_1_1_1_Rt
YM1D,1,1,2,S,0.108426736,YM1D_1_1_2_S
YM1D,1,1,2,Rz,0.068713672,YM1D_1_1_2_Rz
YM1D,1,1,2,Rt,0.03931464,YM1D_1_1_2_Rt
YM1D,1,1,3,S,0.119121253,YM1D_1_1_3_S
YM1D,1,1,3,Rz,0.16208998,YM1D_1_1_3_Rz
YM1D,1,1,3,Rt,0.043908336,YM1D_1_1_3_Rt
YM2A,1,1,1,S,0.057269661,YM2A_1_1_1_S
YM2A,1,1,1,Rz,0.084531801,YM2A_1_1_1_Rz
YM1A,1,1,2,Rz,0.064255451,YM1A_1_1_2_Rz
YM2A,1,1,1,Rt,0.044253602,YM2A_1_1_1_Rt
YM2A,1,1,2,S,0.068066568,YM2A_1_1_2_S
YM2A,1,1,2,Rz,0.023364877,YM2A_1_1_2_Rz
YM2A,1,1,2,Rt,0.023583947,YM2A_1_1_2_Rt
YM2A,1,1,3,S,0.079743862,YM2A_1_1_3_S
YM2A,1,1,3,Rz,0.050349109,YM2A_1_1_3_Rz
YM2A,1,1,3,Rt,0.029024348,YM2A_1_1_3_Rt
YM2B,1,1,1,S,0.076850297,YM2B_1_1_1_S
YM2B,1,1,1,Rz,0.027229355,YM2B_1_1_1_Rz
YM2B,1,1,1,Rt,0.027487835,YM2B_1_1_1_Rt
YM2B,1,1,2,S,0.058812682,YM2B_1_1_2_S
YM1A,1,1,2,Rz,0.06796704,YM1A_1_1_2_Rz
YM2B,1,1,2,Rz,0.069526571,YM2B_1_1_2_Rz
YM2B,1,1,2,Rt,0.038565649,YM2B_1_1_2_Rt
YM2B,1,1,3,S,0.071058858,YM2B_1_1_3_S
YM2B,1,1,3,Rz,0.083064862,YM2B_1_1_3_Rz
YM2B,1,1,3,Rt,0.043352557,YM2B_1_1_3_Rt
YM2C,1,1,1,S,0.108824433,YM2C_1_1_1_S
YM2C,1,1,1,Rz,0.165252538,YM2C_1_1_1_Rz
YM2C,1,1,1,Rt,0.054203244,YM2C_1_1_1_Rt
YM2B,1,1,2,Rz,0.068527056,YM2B_1_1_2_Rz
YM2C,1,1,2,S,0.115580223,YM2C_1_1_2_S
YM2C,1,1,2,Rz,0.120507528,YM2C_1_1_2_Rz
YM2C,1,1,2,Rt,0.045617305,YM2C_1_1_2_Rt
YM2C,1,1,3,S,0.119628367,YM2C_1_1_3_S
YM2C,1,1,3,Rz,0.128536832,YM2C_1_1_3_Rz
YM2C,1,1,3,Rt,0.039703561,YM2C_1_1_3_Rt
YM2D,1,1,1,S,0.106798684,YM2D_1_1_1_S
YM2D,1,1,1,Rz,0.191230508,YM2D_1_1_1_Rz
YM2D,1,1,1,Rt,0.055781412,YM2D_1_1_1_Rt
YM2D,1,1,2,S,0.104071485,YM2D_1_1_2_S
YM2D,1,1,2,Rz,0.153816778,YM2D_1_1_2_Rz
YM2D,1,1,2,Rt,0.045868447,YM2D_1_1_2_Rt
YM2D,1,1,3,S,0.084947645,YM2D_1_1_3_S
YM2D,1,1,3,Rz,0.054604745,YM2D_1_1_3_Rz
YM2D,1,1,3,Rt,0.040062428,YM2D_1_1_3_Rt
YM3A,1,1,1,S,0.081370966,YM3A_1_1_1_S
YM3A,1,1,1,Rz,0.048277481,YM3A_1_1_1_Rz
YM3A,1,1,1,Rt,0.030880529,YM3A_1_1_1_Rt
YM3A,1,1,2,S,0.05907577,YM3A_1_1_2_S
YM3A,1,1,2,Rz,0.076730465,YM3A_1_1_2_Rz
YM3A,1,1,2,Rt,0.029680076,YM3A_1_1_2_Rt
YM2B,1,1,2,Rz,0.056170995,YM2B_1_1_2_Rz
YM3A,1,1,3,S,0.069193465,YM3A_1_1_3_S
YM3A,1,1,3,Rz,0.067671524,YM3A_1_1_3_Rz
YM3A,1,1,3,Rt,0.028639787,YM3A_1_1_3_Rt
YM3B,1,1,1,S,0.063882655,YM3B_1_1_1_S
YM3B,1,1,1,Rz,0.109814439,YM3B_1_1_1_Rz
YM3B,1,1,1,Rt,0.036162243,YM3B_1_1_1_Rt
YM3B,1,1,2,S,0.084261072,YM3B_1_1_2_S
YM3B,1,1,2,Rz,0.107754802,YM3B_1_1_2_Rz
YM3B,1,1,2,Rt,0.041816904,YM3B_1_1_2_Rt
YM3B,1,1,3,S,0.088225159,YM3B_1_1_3_S
YM3B,1,1,3,Rz,0.11471076,YM3B_1_1_3_Rz
YM2B,1,1,2,Rz,0.070635139,YM2B_1_1_2_Rz
YM3C,1,1,1,S,0.112298935,YM3C_1_1_1_S
YM3B,1,1,3,Rt,0.045585309,YM3B_1_1_3_Rt
YM3C,1,1,1,Rz,0.245978016,YM3C_1_1_1_Rz
YM3C,1,1,1,Rt,0.059781866,YM3C_1_1_1_Rt
YM3C,1,1,2,S,0.112090195,YM3C_1_1_2_S
YM3C,1,1,2,Rz,0.30065062,YM3C_1_1_2_Rz
YM3C,1,1,2,Rt,0.069440507,YM3C_1_1_2_Rt
YM3C,1,1,1,S,0.113838029,YM3C_1_1_1_S
YM3C,1,1,3,S,0.096737604,YM3C_1_1_3_S
YM3C,1,1,3,Rz,0.16006397,YM3C_1_1_3_Rz
YM3C,1,1,3,Rt,0.053412097,YM3C_1_1_3_Rt
YM3D,1,1,1,S,0.094033768,YM3D_1_1_1_S
YM3D,1,1,1,Rz,0.18982942,YM3D_1_1_1_Rz
YM3D,1,1,1,Rt,0.045873662,YM3D_1_1_1_Rt
YM3D,1,1,2,S,0.101264083,YM3D_1_1_2_S
YM3D,1,1,2,Rz,0.084025179,YM3D_1_1_2_Rz
YM3D,1,1,2,Rt,0.042613559,YM3D_1_1_2_Rt
YM3D,1,1,3,S,0.089291887,YM3D_1_1_3_S
YM3D,1,1,3,Rz,0.152419041,YM3D_1_1_3_Rz
YM3D,1,1,3,Rt,0.040369974,YM3D_1_1_3_Rt
YM4A,1,1,1,S,0.037494211,YM4A_1_1_1_S
YM4A,1,1,1,Rz,0.027209611,YM4A_1_1_1_Rz
YM4A,1,1,1,Rt,0.021826607,YM4A_1_1_1_Rt
YM4A,1,1,2,S,0.091112641,YM4A_1_1_2_S
YM4A,1,1,2,Rz,0.069944151,YM4A_1_1_2_Rz
YM4A,1,1,2,Rt,0.022433672,YM4A_1_1_2_Rt
YM4B,1,1,1,S,0.104909527,YM4B_1_1_1_S
YM4B,1,1,1,Rz,0.231621561,YM4B_1_1_1_Rz
YM4B,1,1,1,Rt,0.041140719,YM4B_1_1_1_Rt
YM3C,1,1,1,S,0.112264413,YM3C_1_1_1_S
YM4B,1,1,2,S,0.09563635,YM4B_1_1_2_S
YM4B,1,1,2,Rz,0.115163265,YM4B_1_1_2_Rz
YM4B,1,1,2,Rt,0.036701419,YM4B_1_1_2_Rt
YM4C,1,1,2,S,0.095763323,YM4C_1_1_2_S
YM4C,1,1,2,Rz,0.079886461,YM4C_1_1_2_Rz
YM4C,1,1,2,Rt,0.05051637,YM4C_1_1_2_Rt
YM4D,1,1,2,S,0.113675737,YM4D_1_1_2_S
YM4D,1,1,2,Rz,0.210436818,YM4D_1_1_2_Rz
YM4D,1,1,2,Rt,0.041353052,YM4D_1_1_2_Rt
YM4D,1,1,3,S,0.085437302,YM4D_1_1_3_S
YM4D,1,1,3,Rz,0.155286277,YM4D_1_1_3_Rz
YM3C,1,1,1,S,0.112669284,YM3C_1_1_1_S
YM1A,1,20,2,Rz,0.065907945,YM1A_1_20_2_Rz
YM4D,1,1,3,Rt,0.047526373,YM4D_1_1_3_Rt
YM1A,1,20,1,S,0.06452753,YM1A_1_20_1_S
YM1A,1,20,1,Rz,0.049983558,YM1A_1_20_1_Rz
YM1A,1,20,1,Rt,0.027410141,YM1A_1_20_1_Rt
YM1A,1,20,2,S,0.048608823,YM1A_1_20_2_S
YM1A,1,20,2,Rt,0.027489537,YM1A_1_20_2_Rt
YM1A,1,20,2,Rz,0.066245073,YM1A_1_20_2_Rz
YM1A,1,20,3,S,0.061445152,YM1A_1_20_3_S
YM1A,1,20,3,Rz,0.041115643,YM1A_1_20_3_Rz
YM1A,1,20,3,Rt,0.026779344,YM1A_1_20_3_Rt
YM1B,1,20,1,S,0.086481971,YM1B_1_20_1_S
YM1B,1,20,1,Rz,0.054985545,YM1B_1_20_1_Rz
YM1B,1,20,1,Rt,0.031293743,YM1B_1_20_1_Rt
YM1B,1,20,3,S,0.079222883,YM1B_1_20_3_S
YM1B,1,20,3,Rz,0.043862343,YM1B_1_20_3_Rz
YM1B,1,20,3,Rt,0.029397741,YM1B_1_20_3_Rt
YM1C,1,20,1,S,0.077063967,YM1C_1_20_1_S
YM1C,1,20,1,Rz,0.054397394,YM1C_1_20_1_Rz
YM1C,1,20,1,Rt,0.032607749,YM1C_1_20_1_Rt
YM1C,1,20,2,S,0.069481274,YM1C_1_20_2_S
YM1C,1,20,2,Rz,0.038562406,YM1C_1_20_2_Rz
YM1C,1,20,2,Rt,0.029069097,YM1C_1_20_2_Rt
YM1C,1,20,3,S,0.122587176,YM1C_1_20_3_S
YM1C,1,20,3,Rz,0.076227111,YM1C_1_20_3_Rz
YM1C,1,20,3,Rt,0.038973861,YM1C_1_20_3_Rt
YM1D,1,20,1,S,0.062292934,YM1D_1_20_1_S
YM1D,1,20,1,Rz,0.090211141,YM1D_1_20_1_Rz
YM1D,1,20,1,Rt,0.031382488,YM1D_1_20_1_Rt
YM1A,1,20,2,Rz,0.064931295,YM1A_1_20_2_Rz
YM1D,1,20,2,S,0.060783229,YM1D_1_20_2_S
YM1D,1,20,2,Rz,0.060555617,YM1D_1_20_2_Rz
YM1D,1,20,2,Rt,0.027703023,YM1D_1_20_2_Rt
YM1D,1,20,3,S,0.097673856,YM1D_1_20_3_S
YM1D,1,20,3,Rz,0.097805854,YM1D_1_20_3_Rz
YM1D,1,20,3,Rt,0.029942499,YM1D_1_20_3_Rt
YM2A,1,20,1,S,0.062988824,YM2A_1_20_1_S
YM2A,1,20,1,Rz,0.046979196,YM2A_1_20_1_Rz
YM2A,1,20,1,Rt,0.019370277,YM2A_1_20_1_Rt
YM2A,1,20,2,S,0.052130555,YM2A_1_20_2_S
YM2A,1,20,2,Rz,0.035699079,YM2A_1_20_2_Rz
YM1A,1,20,2,Rz,0.065175316,YM1A_1_20_2_Rz
YM2A,1,20,3,Rz,0.030589352,YM2A_1_20_3_Rz
YM2A,1,20,2,Rt,0.024554978,YM2A_1_20_2_Rt
YM2A,1,20,3,S,0.071155933,YM2A_1_20_3_S
YM2A,1,20,3,Rt,0.023410529,YM2A_1_20_3_Rt
YM2B,1,20,1,S,0.035137862,YM2B_1_20_1_S
YM2B,1,20,1,Rz,0.032233731,YM2B_1_20_1_Rz
YM2B,1,20,1,Rt,0.018457848,YM2B_1_20_1_Rt
YM2B,1,20,2,S,0.079567601,YM2B_1_20_2_S
YM2B,1,20,2,Rz,0.019045318,YM2B_1_20_2_Rz
YM2B,1,20,2,Rt,0.023956512,YM2B_1_20_2_Rt
YM2A,1,20,3,Rz,0.033194725,YM2A_1_20_3_Rz
YM2C,1,20,1,S,0.026977971,YM2C_1_20_1_S
YM2C,1,20,1,Rz,0.019785367,YM2C_1_20_1_Rz
YM2C,1,20,1,Rt,0.021982802,YM2C_1_20_1_Rt
YM2C,1,20,2,S,0.02791834,YM2C_1_20_2_S
YM2C,1,20,2,Rz,0.029721746,YM2C_1_20_2_Rz
YM2C,1,20,2,Rt,0.019280665,YM2C_1_20_2_Rt
YM2C,1,20,3,S,0.031683867,YM2C_1_20_3_S
YM2C,1,20,3,Rz,0.017837154,YM2C_1_20_3_Rz
YM2C,1,20,3,Rt,0.019192983,YM2C_1_20_3_Rt
YM2D,1,20,1,S,0.071592522,YM2D_1_20_1_S
YM2D,1,20,1,Rz,0.026163001,YM2D_1_20_1_Rz
YM2D,1,20,1,Rt,0.019066189,YM2D_1_20_1_Rt
YM2D,1,20,3,S,0.07138465,YM2D_1_20_3_S
YM2D,1,20,3,Rz,0.028144577,YM2D_1_20_3_Rz
YM2D,1,20,3,Rt,0.021399201,YM2D_1_20_3_Rt
YM3A,1,20,1,S,0.032826588,YM3A_1_20_1_S
YM3A,1,20,1,Rz,0.030219799,YM3A_1_20_1_Rz
YM3A,1,20,1,Rt,0.015781467,YM3A_1_20_1_Rt
YM3A,1,20,2,S,0.045898653,YM3A_1_20_2_S
YM3A,1,20,2,Rz,0.023539802,YM3A_1_20_2_Rz
YM3A,1,20,2,Rt,0.021037127,YM3A_1_20_2_Rt
YM2A,1,20,3,Rz,0.029307877,YM2A_1_20_3_Rz
YM3A,1,20,3,S,0.029960835,YM3A_1_20_3_S
YM3A,1,20,3,Rz,0.030046819,YM3A_1_20_3_Rz
YM3A,1,20,3,Rt,0.021611745,YM3A_1_20_3_Rt
YM3B,1,20,1,S,0.067245916,YM3B_1_20_1_S
YM3B,1,20,1,Rz,0.037002341,YM3B_1_20_1_Rz
YM3B,1,20,1,Rt,0.028499619,YM3B_1_20_1_Rt
YM3B,1,20,2,S,0.04875614,YM3B_1_20_2_S
YM3B,1,20,2,Rz,0.047947502,YM3B_1_20_2_Rz
YM3B,1,20,2,Rt,0.024307791,YM3B_1_20_2_Rt
YM3B,1,20,3,S,0.058532916,YM3B_1_20_3_S
YM3B,1,20,3,Rz,0.032080062,YM3B_1_20_3_Rz
YM2A,1,20,3,Rz,0.033093405,YM2A_1_20_3_Rz
YM3C,1,20,1,Rz,0.03527252,YM3C_1_20_1_Rz
YM3B,1,20,3,Rt,0.016896954,YM3B_1_20_3_Rt
YM3C,1,20,1,S,0.066629415,YM3C_1_20_1_S
YM3C,1,20,1,Rt,0.025176633,YM3C_1_20_1_Rt
YM3C,1,20,2,S,0.052124938,YM3C_1_20_2_S
YM3C,1,20,2,Rz,0.033552153,YM3C_1_20_2_Rz
YM3C,1,20,2,Rt,0.023056343,YM3C_1_20_2_Rt
YM3C,1,20,3,S,0.061941137,YM3C_1_20_3_S
YM3C,1,20,3,Rz,0.030860775,YM3C_1_20_3_Rz
YM3C,1,20,3,Rt,0.021689408,YM3C_1_20_3_Rt
YM3C,1,20,1,Rz,0.036332288,YM3C_1_20_1_Rz
YM3D,1,20,1,S,0.086824234,YM3D_1_20_1_S
YM3D,1,20,1,Rz,0.021409498,YM3D_1_20_1_Rz
YM3D,1,20,1,Rt,0.020400551,YM3D_1_20_1_Rt
YM3D,1,20,2,S,0.031852507,YM3D_1_20_2_S
YM3D,1,20,2,Rz,0.022947635,YM3D_1_20_2_Rz
YM3D,1,20,2,Rt,0.019783008,YM3D_1_20_2_Rt
YM3D,1,20,3,S,0.032534214,YM3D_1_20_3_S
YM3D,1,20,3,Rz,0.04388909,YM3D_1_20_3_Rz
YM3D,1,20,3,Rt,0.017946013,YM3D_1_20_3_Rt
YM4A,1,20,1,S,0.076029403,YM4A_1_20_1_S
YM4A,1,20,1,Rz,0.040501171,YM4A_1_20_1_Rz
YM4A,1,20,1,Rt,0.022835406,YM4A_1_20_1_Rt
YM4A,1,20,2,S,0.059290397,YM4A_1_20_2_S
YM4A,1,20,2,Rz,0.034398263,YM4A_1_20_2_Rz
YM4A,1,20,2,Rt,0.021557355,YM4A_1_20_2_Rt
YM4B,1,20,1,S,0.063993448,YM4B_1_20_1_S
YM4B,1,20,1,Rz,0.05044831,YM4B_1_20_1_Rz
YM4B,1,20,1,Rt,0.028647128,YM4B_1_20_1_Rt
YM4B,1,20,2,S,0.074771211,YM4B_1_20_2_S
YM4B,1,20,2,Rz,0.021641085,YM4B_1_20_2_Rz
YM4B,1,20,2,Rt,0.027186578,YM4B_1_20_2_Rt
YM3C,1,20,1,Rz,0.035319023,YM3C_1_20_1_Rz
YM4C,1,20,1,S,0.107992759,YM4C_1_20_1_S
YM4C,1,20,1,Rz,0.028833636,YM4C_1_20_1_Rz
YM4C,1,20,1,Rt,0.021756038,YM4C_1_20_1_Rt
YM4C,1,20,2,S,0.048287324,YM4C_1_20_2_S
YM4C,1,20,2,Rz,0.05461554,YM4C_1_20_2_Rz
YM4C,1,20,2,Rt,0.018334728,YM4C_1_20_2_Rt
YM4D,1,20,2,S,0.09501601,YM4D_1_20_2_S
YM4D,1,20,2,Rz,0.026326421,YM4D_1_20_2_Rz
YM4D,1,20,2,Rt,0.019836277,YM4D_1_20_2_Rt
YM4D,1,20,3,S,0.030311009,YM4D_1_20_3_S
YM4D,1,20,3,Rz,0.039410479,YM4D_1_20_3_Rz
YM3C,1,20,1,Rz,0.03507957,YM3C_1_20_1_Rz
YM4D,1,20,3,Rt,0.021925315,YM4D_1_20_3_Rt
YM1B,1,1,2,Rz_1,0.052190438,YM1B_1_1_2_Rz_1
YM1B,1,1,2,S_1,0.122127764,YM1B_1_1_2_S_1
YM1B,1,1,2,Rt_1,0.024456104,YM1B_1_1_2_Rt_1
YM1B,1,20,2,S_1,0.058193449,YM1B_1_20_2_S_1
YM1B,1,20,2,Rz_1,0.066383938,YM1B_1_20_2_Rz_1
YM1B,1,20,2,Rt_1,0.020733959,YM1B_1_20_2_Rt_1
YM2D,1,20,2,S_1,0.079448987,YM2D_1_20_2_S_1
YM2D,1,20,2,Rz_1,0.022490821,YM2D_1_20_2_Rz_1
YM2D,1,20,2,Rt_1,0.014756811,YM2D_1_20_2_Rt_1
YM4A,1,1,3,S_1,0.066636676,YM4A_1_1_3_S_1
YM1B,1,1,2,Rz_1,0.051871223,YM1B_1_1_2_Rz_1
YM4A,1,1,3,Rz_1,0.02191927,YM4A_1_1_3_Rz_1
YM4A,1,1,3,Rt_1,0.018281365,YM4A_1_1_3_Rt_1
YM4A,1,20,3,S_1,0.096168437,YM4A_1_20_3_S_1
YM4A,1,20,3,Rz_1,0.026222429,YM4A_1_20_3_Rz_1
YM4A,1,20,3,Rt_1,0.022845246,YM4A_1_20_3_Rt_1
YM4B,1,1,3,S_1,0.067236832,YM4B_1_1_3_S_1
YM4B,1,1,3,Rz_1,0.05224642,YM4B_1_1_3_Rz_1
YM4B,1,1,3,Rt_1,0.079077737,YM4B_1_1_3_Rt_1
YM4B,1,20,3,S_1,0.06728939,YM4B_1_20_3_S_1
YM4B,1,20,3,Rz_1,0.035210969,YM4B_1_20_3_Rz_1
YM4B,1,20,3,Rt_1,0.023531553,YM4B_1_20_3_Rt_1
YM4C,1,1,3,S_1,0.109891763,YM4C_1_1_3_S_1
YM4C,1,1,3,Rz_1,0.303906623,YM4C_1_1_3_Rz_1
YM4C,1,1,3,Rt_1,0.061868742,YM4C_1_1_3_Rt_1
YM4C,1,20,3,S_1,0.130961502,YM4C_1_20_3_S_1
YM4C,1,20,3,Rz_1,0.037172828,YM4C_1_20_3_Rz_1
YM4C,1,20,3,Rt_1,0.022207901,YM4C_1_20_3_Rt_1
YM4D,1,1,1,S_1,0.131935012,YM4D_1_1_1_S_1
YM4D,1,1,1,Rz_1,0.235111934,YM4D_1_1_1_Rz_1
YM4D,1,1,1,Rt_1,0.045529422,YM4D_1_1_1_Rt_1
YM4D,1,20,1,S_1,0.060370075,YM4D_1_20_1_S_1
YM1B,1,1,2,Rz_1,0.052962326,YM1B_1_1_2_Rz_1
YM4D,1,20,1,Rz_1,0.021355698,YM4D_1_20_1_Rz_1
YM4D,1,20,1,Rt_1,0.01720249,YM4D_1_20_1_Rt_1
YM1C,1,1,2,S_1,0.122725013,YM1C_1_1_2_S_1
YM1C,1,1,2,Rz_1,0.33254692,YM1C_1_1_2_Rz_1
YM1C,1,1,2,Rt_1,0.074887539,YM1C_1_1_2_Rt_1
YM2B,1,20,3,S_1,0.043183996,YM2B_1_20_3_S_1
YM2B,1,20,3,Rz_1,0.078099116,YM2B_1_20_3_Rz_1
YM2B,1,20,3,Rt_1,0.016351794,YM2B_1_20_3_Rt_1
YM4C,1,1,1,S_1,0.082675109,YM4C_1_1_1_S_1
YM4C,1,1,1,Rz_1,0.242324653,YM4C_1_1_1_Rz_1
YM4C,1,1,1,Rt_1,0.048464199,YM4C_1_1_1_Rt_1
YM1B,1,1,2,Rz_1,0.052151544,YM1B_1_1_2_Rz_1
YM1A,2,1,1,Rz,0.02141573,YM1A_2_1_1_Rz
YM1A,2,1,1,S,0.043188968,YM1A_2_1_1_S
YM1A,2,1,1,Rt,0.015343792,YM1A_2_1_1_Rt
YM1A,2,1,2,S,0.0432655,YM1A_2_1_2_S
YM1A,2,1,2,Rz,0.035374095,YM1A_2_1_2_Rz
YM1A,2,1,2,Rt,0.023425012,YM1A_2_1_2_Rt
YM1A,2,1,3,S,0.0458606,YM1A_2_1_3_S
YM1A,2,1,3,Rz,0.043688999,YM1A_2_1_3_Rz
YM1A,2,1,3,Rt,0.018256444,YM1A_2_1_3_Rt
YM1B,2,1,1,S,0.068282835,YM1B_2_1_1_S
YM1A,2,1,1,Rz,0.021309554,YM1A_2_1_1_Rz
YM1B,2,1,1,Rz,0.028570212,YM1B_2_1_1_Rz
YM1B,2,1,1,Rt,0.025386674,YM1B_2_1_1_Rt
YM1B,2,1,2,S,0.065448809,YM1B_2_1_2_S
YM1B,2,1,2,Rz,0.052048234,YM1B_2_1_2_Rz
YM1B,2,1,2,Rt,0.02286653,YM1B_2_1_2_Rt
YM1B,2,1,3,S,0.043230485,YM1B_2_1_3_S
YM1B,2,1,3,Rz,0.04744903,YM1B_2_1_3_Rz
YM1B,2,1,3,Rt,0.024315148,YM1B_2_1_3_Rt
YM1C,2,1,1,S,0.103763385,YM1C_2_1_1_S
YM1C,2,1,1,Rz,0.085630447,YM1C_2_1_1_Rz
YM1C,2,1,1,Rt,0.039985137,YM1C_2_1_1_Rt
YM1C,2,1,2,S,0.07696245,YM1C_2_1_2_S
YM1C,2,1,2,Rz,0.384309472,YM1C_2_1_2_Rz
YM1C,2,1,2,Rt,0.036120907,YM1C_2_1_2_Rt
YM1C,2,1,3,S,0.096822196,YM1C_2_1_3_S
YM1C,2,1,3,Rz,0.167886767,YM1C_2_1_3_Rz
YM1C,2,1,3,Rt,0.041711026,YM1C_2_1_3_Rt
YM1D,2,1,1,S,0.09296146,YM1D_2_1_1_S
YM1D,2,1,1,Rz,0.16560385,YM1D_2_1_1_Rz
YM1D,2,1,1,Rt,0.093502996,YM1D_2_1_1_Rt
YM1D,2,1,2,S,0.104585199,YM1D_2_1_2_S
YM1A,2,1,1,Rz,0.021502579,YM1A_2_1_1_Rz
YM1D,2,1,2,Rz,0.319573493,YM1D_2_1_2_Rz
YM1D,2,1,2,Rt,0.051531627,YM1D_2_1_2_Rt
YM1D,2,1,3,S,0.077871121,YM1D_2_1_3_S
YM1D,2,1,3,Rz,0.060454404,YM1D_2_1_3_Rz
YM1D,2,1,3,Rt,0.04578745,YM1D_2_1_3_Rt
YM2A,2,1,1,S,0.067822675,YM2A_2_1_1_S
YM2A,2,1,1,Rz,0.124318125,YM2A_2_1_1_Rz
YM2A,2,1,1,Rt,0.033262205,YM2A_2_1_1_Rt
YM2A,2,1,2,S,0.06048637,YM2A_2_1_2_S
YM2A,2,1,2,Rz,0.06071882,YM2A_2_1_2_Rz
YM2A,2,1,2,Rt,0.027811885,YM2A_2_1_2_Rt
YM1A,2,1,1,Rz,0.021152934,YM1A_2_1_1_Rz
YM2A,2,1,3,S,0.046348437,YM2A_2_1_3_S
YM2A,2,1,3,S,0.046290798,YM2A_2_1_3_S
YM2A,2,1,3,Rz,0.033830723,YM2A_2_1_3_Rz
YM2A,2,1,3,Rt,0.021317336,YM2A_2_1_3_Rt
YM2B,2,1,1,S,0.043071685,YM2B_2_1_1_S
YM2B,2,1,1,Rz,0.051094642,YM2B_2_1_1_Rz
YM2B,2,1,1,Rt,0.023330769,YM2B_2_1_1_Rt
YM2B,2,1,2,S,0.046304729,YM2B_2_1_2_S
YM2B,2,1,2,Rz,0.031292557,YM2B_2_1_2_Rz
YM2B,2,1,2,Rt,0.023067712,YM2B_2_1_2_Rt
YM2B,2,1,3,S,0.051210232,YM2B_2_1_3_S
YM2B,2,1,3,Rz,0.048936579,YM2B_2_1_3_Rz
YM2B,2,1,3,Rt,0.023171347,YM2B_2_1_3_Rt
YM2C,2,1,1,S,0.082357971,YM2C_2_1_1_S
YM2C,2,1,1,Rz,0.084389283,YM2C_2_1_1_Rz
YM2C,2,1,1,Rt,0.043614129,YM2C_2_1_1_Rt
YM2C,2,1,2,S,0.045293968,YM2C_2_1_2_S
YM2C,2,1,2,Rz,0.069894314,YM2C_2_1_2_Rz
YM2C,2,1,2,Rt,0.042140403,YM2C_2_1_2_Rt
YM2C,2,1,3,S,0.076777278,YM2C_2_1_3_S
YM2C,2,1,3,Rz,0.137158478,YM2C_2_1_3_Rz
YM2C,2,1,3,Rt,0.040384892,YM2C_2_1_3_Rt
YM2D,2,1,1,S,0.070507436,YM2D_2_1_1_S
YM2A,2,1,3,S,0.049697404,YM2A_2_1_3_S
YM2D,2,1,1,Rz,0.26438554,YM2D_2_1_1_Rz
YM2D,2,1,1,Rt,0.047739489,YM2D_2_1_1_Rt
YM2D,2,1,2,S,0.068621798,YM2D_2_1_2_S
YM2D,2,1,2,Rz,0.159552874,YM2D_2_1_2_Rz
YM2D,2,1,2,Rt,0.048390002,YM2D_2_1_2_Rt
YM2D,2,1,3,S,0.09476213,YM2D_2_1_3_S
YM2D,2,1,3,Rz,0.240157021,YM2D_2_1_3_Rz
YM2D,2,1,3,Rt,0.053098209,YM2D_2_1_3_Rt
YM3A,2,1,1,S,0.040188619,YM3A_2_1_1_S
YM3A,2,1,1,Rz,0.021658912,YM3A_2_1_1_Rz
YM3A,2,1,1,Rt,0.018041416,YM3A_2_1_1_Rt
YM2A,2,1,3,S,0.047449042,YM2A_2_1_3_S
YM3A,2,1,2,S,0.047175438,YM3A_2_1_2_S
YM3A,2,1,2,Rz,0.027817512,YM3A_2_1_2_Rz
YM3A,2,1,2,Rt,0.02416558,YM3A_2_1_2_Rt
YM3A,2,1,3,S,0.041260391,YM3A_2_1_3_S
YM3A,2,1,3,Rz,0.0272178,YM3A_2_1_3_Rz
YM3A,2,1,3,Rt,0.023235653,YM3A_2_1_3_Rt
YM3B,2,1,1,S,0.044328677,YM3B_2_1_1_S
YM3B,2,1,1,Rz,0.028486759,YM3B_2_1_1_Rz
YM3B,2,1,1,Rt,0.022847231,YM3B_2_1_1_Rt
YM3B,2,1,2,S,0.053302588,YM3B_2_1_2_S
YM3A,2,1,2,S,0.050135665,YM3A_2_1_2_S
YM3B,2,1,2,Rz,0.058827542,YM3B_2_1_2_Rz
YM3B,2,1,2,Rt,0.028580299,YM3B_2_1_2_Rt
YM3B,2,1,3,S,0.063059522,YM3B_2_1_3_S
YM3B,2,1,3,Rz,0.031285565,YM3B_2_1_3_Rz
YM3B,2,1,3,Rt,0.031010142,YM3B_2_1_3_Rt
YM3C,2,1,1,S,0.075714574,YM3C_2_1_1_S
YM3C,2,1,1,Rz,0.094281355,YM3C_2_1_1_Rz
YM3C,2,1,1,Rt,0.039401584,YM3C_2_1_1_Rt
YM3C,2,1,2,S,0.067495523,YM3C_2_1_2_S
YM3C,2,1,2,Rz,0.048925676,YM3C_2_1_2_Rz
YM3C,2,1,2,Rt,0.04138516,YM3C_2_1_2_Rt
YM3C,2,1,3,S,0.089345812,YM3C_2_1_3_S
YM3C,2,1,3,Rz,0.050493974,YM3C_2_1_3_Rz
YM3C,2,1,3,Rt,0.037230821,YM3C_2_1_3_Rt
YM3D,2,1,1,S,0.092312185,YM3D_2_1_1_S
YM3D,2,1,1,Rz,0.334432133,YM3D_2_1_1_Rz
YM3D,2,1,1,Rt,0.067298609,YM3D_2_1_1_Rt
YM3D,2,1,2,S,0.093646179,YM3D_2_1_2_S
YM3D,2,1,2,Rz,0.148371568,YM3D_2_1_2_Rz
YM3D,2,1,2,Rt,0.066482359,YM3D_2_1_2_Rt
YM3D,2,1,3,S,0.097976233,YM3D_2_1_3_S
YM3A,2,1,2,S,0.049601241,YM3A_2_1_2_S
YM3D,2,1,3,Rz,0.162417393,YM3D_2_1_3_Rz
YM3D,2,1,3,Rt,0.045874468,YM3D_2_1_3_Rt
YM4A,2,1,1,S,0.037164332,YM4A_2_1_1_S
YM4A,2,1,1,Rz,0.021849678,YM4A_2_1_1_Rz
YM4A,2,1,1,Rt,0.017067881,YM4A_2_1_1_Rt
YM4A,2,1,2,S,0.043108048,YM4A_2_1_2_S
YM4A,2,1,2,Rz,0.022192662,YM4A_2_1_2_Rz
YM4A,2,1,2,Rt,0.017912938,YM4A_2_1_2_Rt
YM4A,2,1,3,S,0.031832317,YM4A_2_1_3_S
YM4A,2,1,3,Rz,0.025502727,YM4A_2_1_3_Rz
YM4A,2,1,3,Rt,0.018082583,YM4A_2_1_3_Rt
YM3A,2,1,2,S,0.046281724,YM3A_2_1_2_S
YM4B,2,1,1,S,0.052118452,YM4B_2_1_1_S
YM4B,2,1,1,Rz,0.153566497,YM4B_2_1_1_Rz
YM4B,2,1,1,Rt,0.028475553,YM4B_2_1_1_Rt
YM4B,2,1,3,Rz,0.139404743,YM4B_2_1_3_Rz
YM4B,2,1,2,S,0.054564648,YM4B_2_1_2_S
YM4B,2,1,2,Rz,0.038180475,YM4B_2_1_2_Rz
YM4B,2,1,2,Rt,0.031497291,YM4B_2_1_2_Rt
YM4B,2,1,3,S,0.060135357,YM4B_2_1_3_S
YM4B,2,1,3,Rt,0.027235619,YM4B_2_1_3_Rt
YM4C,2,1,1,S,0.112531665,YM4C_2_1_1_S
YM4C,2,1,1,Rz,0.349405966,YM4C_2_1_1_Rz
YM4C,2,1,1,Rt,0.05187358,YM4C_2_1_1_Rt
YM4B,2,1,3,Rz,0.138175506,YM4B_2_1_3_Rz
YM4C,2,1,2,S,0.063555923,YM4C_2_1_2_S
YM4C,2,1,2,Rz,0.069656769,YM4C_2_1_2_Rz
YM4C,2,1,2,Rt,0.033142782,YM4C_2_1_2_Rt
YM4C,2,1,3,S,0.054368221,YM4C_2_1_3_S
YM4C,2,1,3,Rz,0.243874662,YM4C_2_1_3_Rz
YM4C,2,1,3,Rt,0.032046741,YM4C_2_1_3_Rt
YM4D,2,1,1,S,0.298740048,YM4D_2_1_1_S
YM4D,2,1,1,Rz,0.117494448,YM4D_2_1_1_Rz
YM4D,2,1,1,Rt,0.04881724,YM4D_2_1_1_Rt
YM4D,2,1,2,S,0.108421418,YM4D_2_1_2_S
YM4D,2,1,2,Rz,0.140452286,YM4D_2_1_2_Rz
YM4D,2,1,2,Rt,0.051025509,YM4D_2_1_2_Rt
YM4D,2,1,3,S,0.100917076,YM4D_2_1_3_S
YM4D,2,1,3,Rz,0.125485064,YM4D_2_1_3_Rz
YM4D,2,1,3,Rt,0.044948943,YM4D_2_1_3_Rt
YM1A,2,20,1,S,0.105890822,YM1A_2_20_1_S
YM1A,2,20,1,Rz,0.178962522,YM1A_2_20_1_Rz
YM1A,2,20,1,Rt,0.04832777,YM1A_2_20_1_Rt
YM1A,2,20,2,S,0.057012154,YM1A_2_20_2_S
YM1A,2,20,2,Rz,0.280166715,YM1A_2_20_2_Rz
YM1A,2,20,2,Rt,0.03684765,YM1A_2_20_2_Rt
YM4B,2,1,3,Rz,0.135520813,YM4B_2_1_3_Rz
YM1A,2,20,3,S,0.054046331,YM1A_2_20_3_S
YM1A,2,20,3,Rz,0.173814936,YM1A_2_20_3_Rz
YM1A,2,20,3,Rt,0.034662921,YM1A_2_20_3_Rt
YM1B,2,20,1,S,0.038991682,YM1B_2_20_1_S
YM1B,2,20,1,Rz,0.091136035,YM1B_2_20_1_Rz
YM1B,2,20,1,Rt,0.020790776,YM1B_2_20_1_Rt
YM1B,2,20,2,S,0.028128418,YM1B_2_20_2_S
YM1B,2,20,2,Rz,0.023462889,YM1B_2_20_2_Rz
YM1B,2,20,2,Rt,0.017417738,YM1B_2_20_2_Rt
YM1B,2,20,3,S,0.02662198,YM1B_2_20_3_S
YM1B,2,20,3,Rz,0.019197763,YM1B_2_20_3_Rz
YM4B,2,1,3,Rz,0.141352335,YM4B_2_1_3_Rz
YM1B,2,20,3,Rt,0.018499374,YM1B_2_20_3_Rt
YM1C,2,20,2,S,0.060587886,YM1C_2_20_2_S
YM1C,2,20,1,S,0.035194579,YM1C_2_20_1_S
YM1C,2,20,1,Rz,0.023211578,YM1C_2_20_1_Rz
YM1C,2,20,1,Rt,0.017431773,YM1C_2_20_1_Rt
YM1C,2,20,2,Rz,0.020205421,YM1C_2_20_2_Rz
YM1C,2,20,2,Rt,0.023188075,YM1C_2_20_2_Rt
YM1C,2,20,3,S,0.061496296,YM1C_2_20_3_S
YM1C,2,20,2,S,0.060821029,YM1C_2_20_2_S
YM1C,2,20,3,Rz,0.036004256,YM1C_2_20_3_Rz
YM1C,2,20,3,Rt,0.027573677,YM1C_2_20_3_Rt
YM1D,2,20,1,S,0.086291109,YM1D_2_20_1_S
YM1D,2,20,1,Rz,0.090390833,YM1D_2_20_1_Rz
YM1D,2,20,1,Rt,0.026160191,YM1D_2_20_1_Rt
YM1D,2,20,2,S,0.058801168,YM1D_2_20_2_S
YM1D,2,20,2,Rz,0.136201652,YM1D_2_20_2_Rz
YM1D,2,20,2,Rt,0.020290239,YM1D_2_20_2_Rt
YM1D,2,20,3,S,0.054967307,YM1D_2_20_3_S
YM1D,2,20,3,Rz,0.094323472,YM1D_2_20_3_Rz
YM1D,2,20,3,Rt,0.023038742,YM1D_2_20_3_Rt
YM2A,2,20,1,S,0.057448983,YM2A_2_20_1_S
YM2A,2,20,1,Rz,0.02826586,YM2A_2_20_1_Rz
YM2A,2,20,1,Rt,0.019331799,YM2A_2_20_1_Rt
YM2A,2,20,2,S,0.033985748,YM2A_2_20_2_S
YM2A,2,20,2,Rz,0.018718228,YM2A_2_20_2_Rz
YM2A,2,20,2,Rt,0.01547859,YM2A_2_20_2_Rt
YM2A,2,20,3,S,0.050028285,YM2A_2_20_3_S
YM2A,2,20,3,Rz,0.031458841,YM2A_2_20_3_Rz
YM2A,2,20,3,Rt,0.020002026,YM2A_2_20_3_Rt
YM2B,2,20,1,S,0.03337179,YM2B_2_20_1_S
YM1C,2,20,2,S,0.060353857,YM1C_2_20_2_S
YM2B,2,20,1,Rz,0.027400331,YM2B_2_20_1_Rz
YM2B,2,20,1,Rt,0.025289149,YM2B_2_20_1_Rt
YM2B,2,20,2,S,0.044323465,YM2B_2_20_2_S
YM2B,2,20,2,Rz,0.037710421,YM2B_2_20_2_Rz
YM2B,2,20,2,Rt,0.021190812,YM2B_2_20_2_Rt
YM2B,2,20,3,S,0.039720781,YM2B_2_20_3_S
YM2B,2,20,3,Rz,0.020774067,YM2B_2_20_3_Rz
YM2B,2,20,3,Rt,0.027519299,YM2B_2_20_3_Rt
YM2C,2,20,1,S,0.046898924,YM2C_2_20_1_S
YM2C,2,20,1,Rz,0.026073119,YM2C_2_20_1_Rz
YM2C,2,20,1,Rt,0.023495612,YM2C_2_20_1_Rt
YM1C,2,20,2,S,0.060022331,YM1C_2_20_2_S
YM2C,2,20,2,S,0.047439793,YM2C_2_20_2_S
YM2C,2,20,2,Rz,0.056492549,YM2C_2_20_2_Rz
YM2C,2,20,2,Rt,0.02152954,YM2C_2_20_2_Rt
YM2C,2,20,3,Rz,0.052451822,YM2C_2_20_3_Rz
YM2C,2,20,3,S,0.052654331,YM2C_2_20_3_S
YM2C,2,20,3,Rt,0.024692432,YM2C_2_20_3_Rt
YM2D,2,20,1,S,0.034366415,YM2D_2_20_1_S
YM2D,2,20,1,Rz,0.024405147,YM2D_2_20_1_Rz
YM2D,2,20,1,Rt,0.019330967,YM2D_2_20_1_Rt
YM2D,2,20,2,S,0.035469815,YM2D_2_20_2_S
YM2D,2,20,2,Rz,0.01960705,YM2D_2_20_2_Rz
YM2D,2,20,2,Rt,0.021224789,YM2D_2_20_2_Rt
YM2D,2,20,3,S,0.035825528,YM2D_2_20_3_S
YM2C,2,20,3,Rz,0.055321091,YM2C_2_20_3_Rz
YM2D,2,20,3,Rz,0.029843419,YM2D_2_20_3_Rz
YM2D,2,20,3,Rt,0.018982244,YM2D_2_20_3_Rt
YM3A,2,20,1,S,0.046594495,YM3A_2_20_1_S
YM3A,2,20,1,Rz,0.031419325,YM3A_2_20_1_Rz
YM3A,2,20,1,Rt,0.025049769,YM3A_2_20_1_Rt
YM3A,2,20,2,S,0.04539945,YM3A_2_20_2_S
YM3A,2,20,2,Rz,0.023170374,YM3A_2_20_2_Rz
YM3A,2,20,2,Rt,0.01962787,YM3A_2_20_2_Rt
YM3A,2,20,3,S,0.044834009,YM3A_2_20_3_S
YM3A,2,20,3,Rz,0.04634215,YM3A_2_20_3_Rz
YM3A,2,20,3,Rt,0.021216953,YM3A_2_20_3_Rt
YM3B,2,20,1,S,0.054535812,YM3B_2_20_1_S
YM3B,2,20,1,Rz,0.031630921,YM3B_2_20_1_Rz
YM3B,2,20,1,Rt,0.018679735,YM3B_2_20_1_Rt
YM3B,2,20,2,S,0.028775216,YM3B_2_20_2_S
YM3B,2,20,2,Rz,0.018310594,YM3B_2_20_2_Rz
YM3B,2,20,2,Rt,0.015536282,YM3B_2_20_2_Rt
YM3B,2,20,3,S,0.042708124,YM3B_2_20_3_S
YM3B,2,20,3,Rz,0.022815147,YM3B_2_20_3_Rz
YM3B,2,20,3,Rt,0.020546213,YM3B_2_20_3_Rt
YM3C,2,20,1,S,0.034773657,YM3C_2_20_1_S
YM2C,2,20,3,Rz,0.054383704,YM2C_2_20_3_Rz
YM3C,2,20,1,Rz,0.052081038,YM3C_2_20_1_Rz
YM3C,2,20,1,Rt,0.019525449,YM3C_2_20_1_Rt
YM3C,2,20,2,S,0.03502212,YM3C_2_20_2_S
YM3C,2,20,2,Rz,0.048094277,YM3C_2_20_2_Rz
YM3C,2,20,2,Rt,0.023434723,YM3C_2_20_2_Rt
YM3C,2,20,3,S,0.039241925,YM3C_2_20_3_S
YM3C,2,20,3,Rz,0.04185491,YM3C_2_20_3_Rz
YM3C,2,20,3,Rt,0.0254708,YM3C_2_20_3_Rt
YM3D,2,20,1,S,0.029568397,YM3D_2_20_1_S
YM3D,2,20,1,Rz,0.02005681,YM3D_2_20_1_Rz
YM3D,2,20,1,Rt,0.017730537,YM3D_2_20_1_Rt
YM2C,2,20,3,Rz,0.053536162,YM2C_2_20_3_Rz
YM3D,2,20,2,Rz,0.01938357,YM3D_2_20_2_Rz
YM3D,2,20,2,S,0.034421873,YM3D_2_20_2_S
YM3D,2,20,2,Rt,0.019858865,YM3D_2_20_2_Rt
YM3D,2,20,3,S,0.037979982,YM3D_2_20_3_S
YM3D,2,20,3,Rz,0.027965456,YM3D_2_20_3_Rz
YM3D,2,20,3,Rt,0.020802245,YM3D_2_20_3_Rt
YM4A,2,20,1,S,0.034251862,YM4A_2_20_1_S
YM4A,2,20,1,Rz,0.027860047,YM4A_2_20_1_Rz
YM4A,2,20,1,Rt,0.024361996,YM4A_2_20_1_Rt
YM4A,2,20,2,S,0.046799179,YM4A_2_20_2_S
YM3D,2,20,2,Rz,0.019922824,YM3D_2_20_2_Rz
YM4A,2,20,2,Rz,0.033143433,YM4A_2_20_2_Rz
YM4A,2,20,2,Rt,0.021656105,YM4A_2_20_2_Rt
YM4A,2,20,3,S,0.047176909,YM4A_2_20_3_S
YM4A,2,20,3,Rz,0.027709484,YM4A_2_20_3_Rz
YM4A,2,20,3,Rt,0.024952285,YM4A_2_20_3_Rt
YM4B,2,20,1,S,0.038345796,YM4B_2_20_1_S
YM4B,2,20,1,Rz,0.022400528,YM4B_2_20_1_Rz
YM4B,2,20,1,Rt,0.017666263,YM4B_2_20_1_Rt
YM4B,2,20,2,S,0.054388964,YM4B_2_20_2_S
YM4B,2,20,2,Rz,0.024274672,YM4B_2_20_2_Rz
YM4B,2,20,2,Rt,0.015096643,YM4B_2_20_2_Rt
YM4B,2,20,3,S,0.035152116,YM4B_2_20_3_S
YM4B,2,20,3,Rz,0.057479606,YM4B_2_20_3_Rz
YM4B,2,20,3,Rt,0.017687653,YM4B_2_20_3_Rt
YM4C,2,20,1,S,0.052434768,YM4C_2_20_1_S
YM4C,2,20,1,Rz,0.031304494,YM4C_2_20_1_Rz
YM4C,2,20,1,Rt,0.018313566,YM4C_2_20_1_Rt
YM4C,2,20,2,S,0.059365784,YM4C_2_20_2_S
YM4C,2,20,2,Rz,0.039224349,YM4C_2_20_2_Rz
YM4C,2,20,2,Rt,0.023459527,YM4C_2_20_2_Rt
YM4C,2,20,3,S,0.037045437,YM4C_2_20_3_S
YM3D,2,20,2,Rz,0.019618526,YM3D_2_20_2_Rz
YM4C,2,20,3,Rz,0.042339616,YM4C_2_20_3_Rz
YM4C,2,20,3,Rt,0.020052985,YM4C_2_20_3_Rt
YM4D,2,20,1,S,0.032124707,YM4D_2_20_1_S
YM4D,2,20,1,Rz,0.02093902,YM4D_2_20_1_Rz
YM4D,2,20,1,Rt,0.019647033,YM4D_2_20_1_Rt
YM4D,2,20,2,S,0.053130424,YM4D_2_20_2_S
YM4D,2,20,2,Rz,0.028613741,YM4D_2_20_2_Rz
YM4D,2,20,3,S,0.04419985,YM4D_2_20_3_S
YM4D,2,20,3,Rz,0.043710277,YM4D_2_20_3_Rz
YM4D,2,20,3,Rt,0.026786098,YM4D_2_20_3_Rt
YM3D,2,20,2,Rz,0.019501639,YM3D_2_20_2_Rz
YM4D,2,20,2,Rt,0.021081102,YM4D_2_20_2_Rt
YM1A,3,1,1,Rz,0.028250697,YM1A_3_1_1_Rz
YM1A,3,1,1,S,0.044714592,YM1A_3_1_1_S
YM1A,3,1,1,Rt,0.01907647,YM1A_3_1_1_Rt
YM1A,3,1,2,S,0.052183781,YM1A_3_1_2_S
YM1A,3,1,2,Rz,0.030082534,YM1A_3_1_2_Rz
YM1A,3,1,2,Rt,0.023355987,YM1A_3_1_2_Rt
YM1A,3,1,3,S,0.058956703,YM1A_3_1_3_S
YM1A,3,1,3,Rz,0.036718044,YM1A_3_1_3_Rz
YM1A,3,1,3,Rt,0.024425918,YM1A_3_1_3_Rt
YM1B,3,1,1,S,0.041522508,YM1B_3_1_1_S
YM1A,3,1,1,Rz,0.02794245,YM1A_3_1_1_Rz
YM1B,3,1,1,Rz,0.043879523,YM1B_3_1_1_Rz
YM1B,3,1,1,Rt,0.022983213,YM1B_3_1_1_Rt
YM1B,3,1,2,S,0.055733925,YM1B_3_1_2_S
YM1B,3,1,2,Rz,0.027387544,YM1B_3_1_2_Rz
YM1B,3,1,2,Rt,0.022437776,YM1B_3_1_2_Rt
YM1B,3,1,3,S,0.055589364,YM1B_3_1_3_S
YM1B,3,1,3,Rz,0.029470719,YM1B_3_1_3_Rz
YM1B,3,1,3,Rt,0.022441834,YM1B_3_1_3_Rt
YM1C,3,1,1,S,0.072938771,YM1C_3_1_1_S
YM1C,3,1,1,Rz,0.306298622,YM1C_3_1_1_Rz
YM1C,3,1,1,Rt,0.048284736,YM1C_3_1_1_Rt
YM1C,3,1,2,S,0.090277404,YM1C_3_1_2_S
YM1C,3,1,2,Rz,0.195675535,YM1C_3_1_2_Rz
YM1C,3,1,2,Rt,0.039376897,YM1C_3_1_2_Rt
YM1C,3,1,3,S,0.097237852,YM1C_3_1_3_S
YM1C,3,1,3,Rz,0.109462733,YM1C_3_1_3_Rz
YM1C,3,1,3,Rt,0.03463857,YM1C_3_1_3_Rt
YM1D,3,1,1,S,0.082392595,YM1D_3_1_1_S
YM1D,3,1,1,Rz,0.118360693,YM1D_3_1_1_Rz
YM1D,3,1,1,Rt,0.058779305,YM1D_3_1_1_Rt
YM1D,3,1,2,S,0.093554187,YM1D_3_1_2_S
YM1A,3,1,1,Rz,0.02877418,YM1A_3_1_1_Rz
YM1D,3,1,2,Rz,0.057058095,YM1D_3_1_2_Rz
YM1D,3,1,2,Rt,0.046194664,YM1D_3_1_2_Rt
YM1D,3,1,3,S,0.099803776,YM1D_3_1_3_S
YM1D,3,1,3,Rz,0.171530299,YM1D_3_1_3_Rz
YM1D,3,1,3,Rt,0.054881741,YM1D_3_1_3_Rt
YM2A,3,1,1,S,0.053931087,YM2A_3_1_1_S
YM2A,3,1,1,Rz,0.069077147,YM2A_3_1_1_Rz
YM2A,3,1,1,Rt,0.028483727,YM2A_3_1_1_Rt
YM2A,3,1,2,S,0.058902091,YM2A_3_1_2_S
YM2A,3,1,2,Rz,0.03705031,YM2A_3_1_2_Rz
YM2A,3,1,2,Rt,0.028230743,YM2A_3_1_2_Rt
YM1A,3,1,1,Rz,0.026943728,YM1A_3_1_1_Rz
YM2A,3,1,3,Rz,0.027338265,YM2A_3_1_3_Rz
YM2A,3,1,3,S,0.039134484,YM2A_3_1_3_S
YM2A,3,1,3,Rt,0.024720751,YM2A_3_1_3_Rt
YM2B,3,1,1,S,0.064713822,YM2B_3_1_1_S
YM2B,3,1,1,Rz,0.04184778,YM2B_3_1_1_Rz
YM2B,3,1,1,Rt,0.019550371,YM2B_3_1_1_Rt
YM2B,3,1,2,S,0.040596686,YM2B_3_1_2_S
YM2B,3,1,2,Rz,0.037240281,YM2B_3_1_2_Rz
YM2B,3,1,2,Rt,0.024251543,YM2B_3_1_2_Rt
YM2B,3,1,3,S,0.056058078,YM2B_3_1_3_S
YM2A,3,1,3,Rz,0.027064145,YM2A_3_1_3_Rz
YM2B,3,1,3,Rz,0.11217388,YM2B_3_1_3_Rz
YM2B,3,1,3,Rt,0.033658687,YM2B_3_1_3_Rt
YM2C,3,1,1,S,0.05233438,YM2C_3_1_1_S
YM2C,3,1,1,Rz,0.08840771,YM2C_3_1_1_Rz
YM2C,3,1,1,Rt,0.048456751,YM2C_3_1_1_Rt
YM2C,3,1,2,S,0.102499482,YM2C_3_1_2_S
YM2C,3,1,2,Rz,0.129502109,YM2C_3_1_2_Rz
YM2C,3,1,2,Rt,0.042930924,YM2C_3_1_2_Rt
YM2C,3,1,3,S,0.060440837,YM2C_3_1_3_S
YM2C,3,1,3,Rz,0.076943224,YM2C_3_1_3_Rz
YM2C,3,1,3,Rt,0.024479818,YM2C_3_1_3_Rt
YM2D,3,1,1,S,0.070295421,YM2D_3_1_1_S
YM2D,3,1,1,Rz,0.085943784,YM2D_3_1_1_Rz
YM2D,3,1,1,Rt,0.051159686,YM2D_3_1_1_Rt
YM2D,3,1,2,S,0.073336915,YM2D_3_1_2_S
YM2D,3,1,2,Rz,0.050877176,YM2D_3_1_2_Rz
YM2D,3,1,2,Rt,0.041698086,YM2D_3_1_2_Rt
YM2D,3,1,3,S,0.061397501,YM2D_3_1_3_S
YM2D,3,1,3,Rz,0.172824435,YM2D_3_1_3_Rz
YM2D,3,1,3,Rt,0.049586963,YM2D_3_1_3_Rt
YM3A,3,1,1,S,0.02891145,YM3A_3_1_1_S
YM2A,3,1,3,Rz,0.026510743,YM2A_3_1_3_Rz
YM3A,3,1,1,Rz,0.040929391,YM3A_3_1_1_Rz
YM3A,3,1,1,Rt,0.019762592,YM3A_3_1_1_Rt
YM3A,3,1,2,S,0.044521215,YM3A_3_1_2_S
YM3A,3,1,2,Rz,0.030162844,YM3A_3_1_2_Rz
YM3A,3,1,2,Rt,0.021939335,YM3A_3_1_2_Rt
YM3A,3,1,3,S,0.028903889,YM3A_3_1_3_S
YM3A,3,1,3,Rz,0.021163413,YM3A_3_1_3_Rz
YM3A,3,1,3,Rt,0.021378941,YM3A_3_1_3_Rt
YM3B,3,1,1,S,0.077535724,YM3B_3_1_1_S
YM3B,3,1,1,Rz,0.111054235,YM3B_3_1_1_Rz
YM3B,3,1,1,Rt,0.0318258,YM3B_3_1_1_Rt
YM2A,3,1,3,Rz,0.027265443,YM2A_3_1_3_Rz
YM3B,3,1,2,Rz,0.028403331,YM3B_3_1_2_Rz
YM3B,3,1,2,S,0.076802265,YM3B_3_1_2_S
YM3B,3,1,2,Rt,0.029573722,YM3B_3_1_2_Rt
YM3B,3,1,3,S,0.05982575,YM3B_3_1_3_S
YM3B,3,1,3,Rz,0.019401039,YM3B_3_1_3_Rz
YM3B,3,1,3,Rt,0.02356947,YM3B_3_1_3_Rt
YM3C,3,1,1,S,0.076648142,YM3C_3_1_1_S
YM3C,3,1,1,Rz,0.081698562,YM3C_3_1_1_Rz
YM3C,3,1,1,Rt,0.037145023,YM3C_3_1_1_Rt
YM3C,3,1,2,S,0.119924477,YM3C_3_1_2_S
YM3B,3,1,2,Rz,0.028000852,YM3B_3_1_2_Rz
YM3C,3,1,2,Rz,0.093381549,YM3C_3_1_2_Rz
YM3C,3,1,2,Rt,0.036346298,YM3C_3_1_2_Rt
YM3C,3,1,3,S,0.074562177,YM3C_3_1_3_S
YM3C,3,1,3,Rz,0.060246518,YM3C_3_1_3_Rz
YM3C,3,1,3,Rt,0.037245008,YM3C_3_1_3_Rt
YM3D,3,1,1,S,0.104453564,YM3D_3_1_1_S
YM3D,3,1,1,Rz,0.156408481,YM3D_3_1_1_Rz
YM3D,3,1,1,Rt,0.044624409,YM3D_3_1_1_Rt
YM3D,3,1,2,S,0.088198187,YM3D_3_1_2_S
YM3D,3,1,2,Rz,0.063864502,YM3D_3_1_2_Rz
YM3D,3,1,2,Rt,0.047919013,YM3D_3_1_2_Rt
YM3D,3,1,3,S,0.06081041,YM3D_3_1_3_S
YM3D,3,1,3,Rz,0.088459776,YM3D_3_1_3_Rz
YM3D,3,1,3,Rt,0.045626608,YM3D_3_1_3_Rt
YM4A,3,1,1,S,0.060115303,YM4A_3_1_1_S
YM4A,3,1,1,Rz,0.033158966,YM4A_3_1_1_Rz
YM4A,3,1,1,Rt,0.024757093,YM4A_3_1_1_Rt
YM4A,3,1,2,S,0.026071809,YM4A_3_1_2_S
YM4A,3,1,2,Rz,0.028202396,YM4A_3_1_2_Rz
YM4A,3,1,2,Rt,0.023961675,YM4A_3_1_2_Rt
YM4A,3,1,3,S,0.063476085,YM4A_3_1_3_S
YM3B,3,1,2,Rz,0.028305211,YM3B_3_1_2_Rz
YM4A,3,1,3,Rz,0.034526507,YM4A_3_1_3_Rz
YM4A,3,1,3,Rt,0.023905267,YM4A_3_1_3_Rt
YM4B,3,1,1,S,0.072907417,YM4B_3_1_1_S
YM4B,3,1,1,Rz,0.045403489,YM4B_3_1_1_Rz
YM4B,3,1,1,Rt,0.030040008,YM4B_3_1_1_Rt
YM4B,3,1,2,S,0.073776908,YM4B_3_1_2_S
YM4B,3,1,2,Rz,0.044628921,YM4B_3_1_2_Rz
YM4B,3,1,2,Rt,0.023296166,YM4B_3_1_2_Rt
YM4B,3,1,3,S,0.058878994,YM4B_3_1_3_S
YM4B,3,1,3,Rz,0.051461561,YM4B_3_1_3_Rz
YM4B,3,1,3,Rt,0.025352444,YM4B_3_1_3_Rt
YM3B,3,1,2,Rz,0.030125163,YM3B_3_1_2_Rz
YM4C,3,1,1,S,0.085826201,YM4C_3_1_1_S
YM4C,3,1,1,Rz,0.096311855,YM4C_3_1_1_Rz
YM4C,3,1,1,Rt,0.047878866,YM4C_3_1_1_Rt
YM4C,3,1,2,S,0.053088093,YM4C_3_1_2_S
YM4C,3,1,2,Rz,0.08518273,YM4C_3_1_2_Rz
YM4C,3,1,2,Rt,0.032557348,YM4C_3_1_2_Rt
YM4C,3,1,3,S,0.060642392,YM4C_3_1_3_S
YM4C,3,1,3,Rz,0.081946013,YM4C_3_1_3_Rz
YM4C,3,1,3,Rt,0.038045,YM4C_3_1_3_Rt
YM4D,3,1,1,S,0.068918906,YM4D_3_1_1_S
YM4C,3,1,1,S,0.087946654,YM4C_3_1_1_S
YM4D,3,1,1,Rz,0.062634178,YM4D_3_1_1_Rz
YM4D,3,1,1,Rt,0.04011773,YM4D_3_1_1_Rt
YM4D,3,1,2,S,0.061387108,YM4D_3_1_2_S
YM4D,3,1,2,Rz,0.082768919,YM4D_3_1_2_Rz
YM4D,3,1,2,Rt,0.042950662,YM4D_3_1_2_Rt
YM4D,3,1,3,S,0.08228185,YM4D_3_1_3_S
YM4D,3,1,3,Rz,0.186656437,YM4D_3_1_3_Rz
YM4D,3,1,3,Rt,0.05330185,YM4D_3_1_3_Rt
YM1A,3,20,1,S,0.035808465,YM1A_3_20_1_S
YM1A,3,20,1,Rz,0.029483961,YM1A_3_20_1_Rz
YM1A,3,20,1,Rt,0.02163932,YM1A_3_20_1_Rt
YM1A,3,20,2,S,0.035481902,YM1A_3_20_2_S
YM1A,3,20,2,Rz,0.025022295,YM1A_3_20_2_Rz
YM1A,3,20,2,Rt,0.020708942,YM1A_3_20_2_Rt
YM1A,3,20,3,S,0.055032623,YM1A_3_20_3_S
YM1A,3,20,3,Rz,0.026004481,YM1A_3_20_3_Rz
YM1A,3,20,3,Rt,0.020966954,YM1A_3_20_3_Rt
YM1B,3,20,1,S,0.03504981,YM1B_3_20_1_S
YM1B,3,20,1,Rz,0.027113122,YM1B_3_20_1_Rz
YM1B,3,20,1,Rt,,YM1B_3_20_1_Rt
YM1B,3,20,2,S,0.038737543,YM1B_3_20_2_S
YM4C,3,1,1,S,0.086065062,YM4C_3_1_1_S
YM1B,3,20,2,Rz,0.032379191,YM1B_3_20_2_Rz
YM1B,3,20,2,Rt,0.021236049,YM1B_3_20_2_Rt
YM1B,3,20,3,S,0.037635657,YM1B_3_20_3_S
YM1B,3,20,3,Rz,0.022418274,YM1B_3_20_3_Rz
YM1B,3,20,3,Rt,0.021244289,YM1B_3_20_3_Rt
YM1C,3,20,1,S,0.039363968,YM1C_3_20_1_S
YM1C,3,20,1,Rz,0.041051628,YM1C_3_20_1_Rz
YM1C,3,20,1,Rt,0.020421564,YM1C_3_20_1_Rt
YM1C,3,20,2,S,0.072368414,YM1C_3_20_2_S
YM1C,3,20,2,Rz,0.040523987,YM1C_3_20_2_Rz
YM1C,3,20,2,Rt,0.020784206,YM1C_3_20_2_Rt
YM4C,3,1,1,S,0.086438442,YM4C_3_1_1_S
YM1D,3,20,1,S,0.04105864,YM1D_3_20_1_S
YM1C,3,20,3,S,0.03765819,YM1C_3_20_3_S
YM1C,3,20,3,Rz,0.016022415,YM1C_3_20_3_Rz
YM1C,3,20,3,Rt,0.017850458,YM1C_3_20_3_Rt
YM1D,3,20,1,Rz,0.022674313,YM1D_3_20_1_Rz
YM1D,3,20,1,Rt,0.019299938,YM1D_3_20_1_Rt
YM1D,3,20,2,S,0.046749797,YM1D_3_20_2_S
YM1D,3,20,2,Rz,0.02813549,YM1D_3_20_2_Rz
YM1D,3,20,2,Rt,0.025193818,YM1D_3_20_2_Rt
YM1D,3,20,3,S,0.042821299,YM1D_3_20_3_S
YM1D,3,20,1,S,0.043956886,YM1D_3_20_1_S
YM1D,3,20,3,Rz,0.021861593,YM1D_3_20_3_Rz
YM1D,3,20,3,Rt,0.018856124,YM1D_3_20_3_Rt
YM2A,3,20,1,S,0.029603076,YM2A_3_20_1_S
YM2A,3,20,1,Rz,0.038503768,YM2A_3_20_1_Rz
YM2A,3,20,1,Rt,0.02082672,YM2A_3_20_1_Rt
YM2A,3,20,2,S,0.038975908,YM2A_3_20_2_S
YM2A,3,20,2,Rz,0.034220963,YM2A_3_20_2_Rz
YM2A,3,20,2,Rt,0.020801929,YM2A_3_20_2_Rt
YM2A,3,20,3,S,0.036385619,YM2A_3_20_3_S
YM2A,3,20,3,Rz,0.026550416,YM2A_3_20_3_Rz
YM2A,3,20,3,Rt,0.020796907,YM2A_3_20_3_Rt
YM2B,3,20,1,S,0.046510538,YM2B_3_20_1_S
YM2B,3,20,1,Rz,0.100703086,YM2B_3_20_1_Rz
YM2B,3,20,1,Rt,0.01900863,YM2B_3_20_1_Rt
YM2B,3,20,2,S,0.034410769,YM2B_3_20_2_S
YM2B,3,20,2,Rz,0.020554963,YM2B_3_20_2_Rz
YM2B,3,20,2,Rt,0.020778787,YM2B_3_20_2_Rt
YM2B,3,20,3,S,0.045876904,YM2B_3_20_3_S
YM2B,3,20,3,Rz,0.042736953,YM2B_3_20_3_Rz
YM2B,3,20,3,Rt,0.021553731,YM2B_3_20_3_Rt
YM2C,3,20,1,S,0.04559352,YM2C_3_20_1_S
YM1D,3,20,1,S,0.039550582,YM1D_3_20_1_S
YM2C,3,20,1,Rz,0.025160704,YM2C_3_20_1_Rz
YM2C,3,20,1,Rt,0.021449939,YM2C_3_20_1_Rt
YM2C,3,20,2,S,0.02909752,YM2C_3_20_2_S
YM2C,3,20,2,Rz,0.02643246,YM2C_3_20_2_Rz
YM2C,3,20,2,Rt,0.019050318,YM2C_3_20_2_Rt
YM2C,3,20,3,S,0.040696464,YM2C_3_20_3_S
YM2C,3,20,3,Rz,0.044742047,YM2C_3_20_3_Rz
YM2C,3,20,3,Rt,0.021449561,YM2C_3_20_3_Rt
YM2D,3,20,1,S,0.051228017,YM2D_3_20_1_S
YM2D,3,20,1,Rz,0.023096235,YM2D_3_20_1_Rz
YM2D,3,20,1,Rt,0.019743648,YM2D_3_20_1_Rt
YM1D,3,20,1,S,0.042583093,YM1D_3_20_1_S
YM2D,3,20,2,Rz,0.024289378,YM2D_3_20_2_Rz
YM2D,3,20,2,S,0.051269561,YM2D_3_20_2_S
YM2D,3,20,2,Rt,0.016306716,YM2D_3_20_2_Rt
YM2D,3,20,3,S,0.044631344,YM2D_3_20_3_S
YM2D,3,20,3,Rz,0.026615254,YM2D_3_20_3_Rz
YM2D,3,20,3,Rt,0.018457857,YM2D_3_20_3_Rt
YM3A,3,20,1,S,0.037809289,YM3A_3_20_1_S
YM3A,3,20,1,Rz,0.020348043,YM3A_3_20_1_Rz
YM3A,3,20,1,Rt,0.018737881,YM3A_3_20_1_Rt
YM3A,3,20,2,S,0.053944263,YM3A_3_20_2_S
YM2D,3,20,2,Rz,0.024310083,YM2D_3_20_2_Rz
YM3A,3,20,2,Rz,0.019218893,YM3A_3_20_2_Rz
YM3A,3,20,2,Rt,0.021150352,YM3A_3_20_2_Rt
YM3A,3,20,3,S,0.038067416,YM3A_3_20_3_S
YM3A,3,20,3,Rz,0.016199561,YM3A_3_20_3_Rz
YM3A,3,20,3,Rt,0.016876634,YM3A_3_20_3_Rt
YM3B,3,20,1,S,0.047873293,YM3B_3_20_1_S
YM3B,3,20,1,Rz,0.036252679,YM3B_3_20_1_Rz
YM3B,3,20,1,Rt,0.015777005,YM3B_3_20_1_Rt
YM3B,3,20,2,S,0.053185488,YM3B_3_20_2_S
YM3B,3,20,2,Rz,0.029354994,YM3B_3_20_2_Rz
YM3B,3,20,2,Rt,0.023116984,YM3B_3_20_2_Rt
YM3B,3,20,3,S,0.030647512,YM3B_3_20_3_S
YM3B,3,20,3,Rz,0.023767651,YM3B_3_20_3_Rz
YM3B,3,20,3,Rt,0.019185573,YM3B_3_20_3_Rt
YM3C,3,20,1,S,0.041743888,YM3C_3_20_1_S
YM3C,3,20,1,Rz,0.016960671,YM3C_3_20_1_Rz
YM3C,3,20,1,Rt,0.016025306,YM3C_3_20_1_Rt
YM3C,3,20,2,S,0.043438165,YM3C_3_20_2_S
YM3C,3,20,2,Rz,0.016524716,YM3C_3_20_2_Rz
YM3C,3,20,2,Rt,0.016647326,YM3C_3_20_2_Rt
YM3C,3,20,3,S,0.059514441,YM3C_3_20_3_S
YM2D,3,20,2,Rz,0.026027227,YM2D_3_20_2_Rz
YM3C,3,20,3,Rz,0.038899554,YM3C_3_20_3_Rz
YM3C,3,20,3,Rt,0.020510159,YM3C_3_20_3_Rt
YM3D,3,20,1,S,0.046284503,YM3D_3_20_1_S
YM3D,3,20,1,Rz,0.037998012,YM3D_3_20_1_Rz
YM3D,3,20,1,Rt,0.019242435,YM3D_3_20_1_Rt
YM3D,3,20,2,S,0.032546095,YM3D_3_20_2_S
YM3D,3,20,2,Rz,0.020177446,YM3D_3_20_2_Rz
YM3D,3,20,2,Rt,0.019810982,YM3D_3_20_2_Rt
YM3D,3,20,3,S,0.029170407,YM3D_3_20_3_S
YM3D,3,20,3,Rz,0.018017868,YM3D_3_20_3_Rz
YM3D,3,20,3,Rt,0.015802962,YM3D_3_20_3_Rt
YM2D,3,20,2,Rz,0.026677115,YM2D_3_20_2_Rz
YM4A,3,20,1,Rz,0.028248919,YM4A_3_20_1_Rz
YM4A,3,20,1,S,0.040642972,YM4A_3_20_1_S
YM4A,3,20,1,Rt,0.019948438,YM4A_3_20_1_Rt
YM4A,3,20,2,S,0.044521146,YM4A_3_20_2_S
YM4A,3,20,2,Rz,0.055444802,YM4A_3_20_2_Rz
YM4A,3,20,2,Rt,0.021815055,YM4A_3_20_2_Rt
YM4A,3,20,3,S,0.041679554,YM4A_3_20_3_S
YM4A,3,20,3,Rz,0.035987167,YM4A_3_20_3_Rz
YM4A,3,20,3,Rt,0.021611911,YM4A_3_20_3_Rt
YM4B,3,20,1,S,0.036899662,YM4B_3_20_1_S
YM4A,3,20,1,Rz,0.028422864,YM4A_3_20_1_Rz
YM4B,3,20,1,Rz,0.036033366,YM4B_3_20_1_Rz
YM4B,3,20,1,Rt,0.02027198,YM4B_3_20_1_Rt
YM4B,3,20,2,S,0.031632856,YM4B_3_20_2_S
YM4B,3,20,2,Rz,0.032708494,YM4B_3_20_2_Rz
YM4B,3,20,2,Rt,0.018278485,YM4B_3_20_2_Rt
YM4B,3,20,3,S,0.019914742,YM4B_3_20_3_S
YM4B,3,20,3,Rz,0.020278694,YM4B_3_20_3_Rz
YM4B,3,20,3,Rt,0.014085794,YM4B_3_20_3_Rt
YM4C,3,20,1,S,0.049449685,YM4C_3_20_1_S
YM4C,3,20,1,Rz,0.046793012,YM4C_3_20_1_Rz
YM4C,3,20,1,Rt,0.018760089,YM4C_3_20_1_Rt
YM4C,3,20,2,S,0.022082776,YM4C_3_20_2_S
YM4C,3,20,2,Rz,0.067397023,YM4C_3_20_2_Rz
YM4C,3,20,2,Rt,0.019721598,YM4C_3_20_2_Rt
YM4C,3,20,3,S,0.031264512,YM4C_3_20_3_S
YM4C,3,20,3,Rz,0.022999299,YM4C_3_20_3_Rz
YM4C,3,20,3,Rt,0.020260495,YM4C_3_20_3_Rt
YM4D,3,20,1,S,0.035831172,YM4D_3_20_1_S
YM4D,3,20,1,Rz,0.024789781,YM4D_3_20_1_Rz
YM4D,3,20,1,Rt,0.019522083,YM4D_3_20_1_Rt
YM4D,3,20,2,S,0.039715163,YM4D_3_20_2_S
YM4A,3,20,1,Rz,0.029991217,YM4A_3_20_1_Rz
YM4D,3,20,2,Rz,0.032524804,YM4D_3_20_2_Rz
YM4D,3,20,2,Rt,0.019562018,YM4D_3_20_2_Rt
YM4D,3,20,3,S,0.042789331,YM4D_3_20_3_S
YM4D,3,20,3,Rz,0.028632517,YM4D_3_20_3_Rz
YM4D,3,20,3,Rt,0.021593054,YM4D_3_20_3_Rt